
--- Инвентаризация данных 2026-07-11T18:48:12.916Z ---
  orderbook    BTC-USDT-SWAP        1 files       411 rows
  orderbook    ETH-USDT-SWAP        1 files       418 rows
  orderbook    SOL-USDT-SWAP        1 files       183 rows
  trades       BTC-USDT-SWAP        1 files       128 rows
  trades       ETH-USDT-SWAP        1 files       324 rows
  trades       SOL-USDT-SWAP        1 files        13 rows
  ticker       BTC-USDT-SWAP        1 files       261 rows
  ticker       ETH-USDT-SWAP        1 files       263 rows
  ticker       SOL-USDT-SWAP        1 files       148 rows
  statistics   BTC-USDT-SWAP        1 files         1 rows
  statistics   ETH-USDT-SWAP        1 files         1 rows
  statistics   SOL-USDT-SWAP        1 files         1 rows

--- Сборщик данных (WebSocket → Parquet) 2026-07-11T18:49:21.473Z ---
21:49:22 INFO Collector started | symbols=['BTC-USDT-SWAP', 'ETH-USDT-SWAP', 'SOL-USDT-SWAP'] | Phase 2 hourly stats on flush
21:49:23 INFO OKX WS connected, 9 subscriptions
21:49:52 INFO Appended 274 rows -> C:\xampp\htdocs\crypto\microstructure_bot\data\orderbook\BTC_USDT_SWAP\2026-07-11.parquet (total 685)
21:49:52 INFO Appended 184 rows -> C:\xampp\htdocs\crypto\microstructure_bot\data\ticker\BTC_USDT_SWAP\2026-07-11.parquet (total 445)
21:49:52 INFO Appended 189 rows -> C:\xampp\htdocs\crypto\microstructure_bot\data\ticker\ETH_USDT_SWAP\2026-07-11.parquet (total 452)
21:49:52 INFO Appended 284 rows -> C:\xampp\htdocs\crypto\microstructure_bot\data\orderbook\ETH_USDT_SWAP\2026-07-11.parquet (total 702)
21:49:52 INFO Appended 183 rows -> C:\xampp\htdocs\crypto\microstructure_bot\data\ticker\SOL_USDT_SWAP\2026-07-11.parquet (total 331)
21:49:52 INFO Appended 247 rows -> C:\xampp\htdocs\crypto\microstructure_bot\data\orderbook\SOL_USDT_SWAP\2026-07-11.parquet (total 430)
21:49:52 INFO Appended 164 rows -> C:\xampp\htdocs\crypto\microstructure_bot\data\trades\ETH_USDT_SWAP\2026-07-11.parquet (total 488)
21:49:52 INFO Appended 58 rows -> C:\xampp\htdocs\crypto\microstructure_bot\data\trades\BTC_USDT_SWAP\2026-07-11.parquet (total 186)
21:49:52 INFO Appended 6 rows -> C:\xampp\htdocs\crypto\microstructure_bot\data\trades\SOL_USDT_SWAP\2026-07-11.parquet (total 19)
21:49:52 INFO Periodic flush: 1589 rows
21:50:22 INFO Appended 280 rows -> C:\xampp\htdocs\crypto\microstructure_bot\data\orderbook\BTC_USDT_SWAP\2026-07-11.parquet (total 965)
21:50:22 INFO Appended 264 rows -> C:\xampp\htdocs\crypto\microstructure_bot\data\orderbook\SOL_USDT_SWAP\2026-07-11.parquet (total 694)
21:50:22 INFO Appended 300 rows -> C:\xampp\htdocs\crypto\microstructure_bot\data\orderbook\ETH_USDT_SWAP\2026-07-11.parquet (total 1002)
21:50:22 INFO Appended 188 rows -> C:\xampp\htdocs\crypto\microstructure_bot\data\ticker\ETH_USDT_SWAP\2026-07-11.parquet (total 640)
21:50:22 INFO Appended 195 rows -> C:\xampp\htdocs\crypto\microstructure_bot\data\ticker\SOL_USDT_SWAP\2026-07-11.parquet (total 526)
21:50:22 INFO Appended 185 rows -> C:\xampp\htdocs\crypto\microstructure_bot\data\ticker\BTC_USDT_SWAP\2026-07-11.parquet (total 630)
21:50:22 INFO Appended 67 rows -> C:\xampp\htdocs\crypto\microstructure_bot\data\trades\ETH_USDT_SWAP\2026-07-11.parquet (total 555)
21:50:22 INFO Appended 36 rows -> C:\xampp\htdocs\crypto\microstructure_bot\data\trades\BTC_USDT_SWAP\2026-07-11.parquet (total 222)
21:50:22 INFO Appended 11 rows -> C:\xampp\htdocs\crypto\microstructure_bot\data\trades\SOL_USDT_SWAP\2026-07-11.parquet (total 30)
21:50:22 INFO Periodic flush: 1526 rows
21:50:52 INFO Appended 293 rows -> C:\xampp\htdocs\crypto\microstructure_bot\data\orderbook\BTC_USDT_SWAP\2026-07-11.parquet (total 1258)
21:50:52 INFO Appended 276 rows -> C:\xampp\htdocs\crypto\microstructure_bot\data\orderbook\SOL_USDT_SWAP\2026-07-11.parquet (total 970)
21:50:52 INFO Appended 302 rows -> C:\xampp\htdocs\crypto\microstructure_bot\data\orderbook\ETH_USDT_SWAP\2026-07-11.parquet (total 1304)
21:50:52 INFO Appended 193 rows -> C:\xampp\htdocs\crypto\microstructure_bot\data\ticker\BTC_USDT_SWAP\2026-07-11.parquet (total 823)
21:50:52 INFO Appended 193 rows -> C:\xampp\htdocs\crypto\microstructure_bot\data\ticker\ETH_USDT_SWAP\2026-07-11.parquet (total 833)
21:50:52 INFO Appended 191 rows -> C:\xampp\htdocs\crypto\microstructure_bot\data\ticker\SOL_USDT_SWAP\2026-07-11.parquet (total 717)
21:50:52 INFO Appended 70 rows -> C:\xampp\htdocs\crypto\microstructure_bot\data\trades\BTC_USDT_SWAP\2026-07-11.parquet (total 292)
21:50:52 INFO Appended 106 rows -> C:\xampp\htdocs\crypto\microstructure_bot\data\trades\ETH_USDT_SWAP\2026-07-11.parquet (total 661)
21:50:52 INFO Appended 9 rows -> C:\xampp\htdocs\crypto\microstructure_bot\data\trades\SOL_USDT_SWAP\2026-07-11.parquet (total 39)
21:50:52 INFO Periodic flush: 1633 rows
21:51:23 INFO Appended 189 rows -> C:\xampp\htdocs\crypto\microstructure_bot\data\ticker\ETH_USDT_SWAP\2026-07-11.parquet (total 1022)
21:51:23 INFO Appended 293 rows -> C:\xampp\htdocs\crypto\microstructure_bot\data\orderbook\BTC_USDT_SWAP\2026-07-11.parquet (total 1551)
21:51:23 INFO Appended 270 rows -> C:\xampp\htdocs\crypto\microstructure_bot\data\orderbook\SOL_USDT_SWAP\2026-07-11.parquet (total 1240)
21:51:23 INFO Appended 299 rows -> C:\xampp\htdocs\crypto\microstructure_bot\data\orderbook\ETH_USDT_SWAP\2026-07-11.parquet (total 1603)
21:51:23 INFO Appended 191 rows -> C:\xampp\htdocs\crypto\microstructure_bot\data\ticker\BTC_USDT_SWAP\2026-07-11.parquet (total 1014)
21:51:23 INFO Appended 190 rows -> C:\xampp\htdocs\crypto\microstructure_bot\data\ticker\SOL_USDT_SWAP\2026-07-11.parquet (total 907)
21:51:23 INFO Appended 85 rows -> C:\xampp\htdocs\crypto\microstructure_bot\data\trades\ETH_USDT_SWAP\2026-07-11.parquet (total 746)
21:51:23 INFO Appended 36 rows -> C:\xampp\htdocs\crypto\microstructure_bot\data\trades\BTC_USDT_SWAP\2026-07-11.parquet (total 328)
21:51:23 INFO Appended 19 rows -> C:\xampp\htdocs\crypto\microstructure_bot\data\trades\SOL_USDT_SWAP\2026-07-11.parquet (total 58)
21:51:23 INFO Periodic flush: 1572 rows
21:51:53 INFO Appended 302 rows -> C:\xampp\htdocs\crypto\microstructure_bot\data\orderbook\ETH_USDT_SWAP\2026-07-11.parquet (total 1905)
21:51:53 INFO Appended 195 rows -> C:\xampp\htdocs\crypto\microstructure_bot\data\ticker\BTC_USDT_SWAP\2026-07-11.parquet (total 1209)
21:51:53 INFO Appended 289 rows -> C:\xampp\htdocs\crypto\microstructure_bot\data\orderbook\BTC_USDT_SWAP\2026-07-11.parquet (total 1840)
21:51:53 INFO Appended 274 rows -> C:\xampp\htdocs\crypto\microstructure_bot\data\orderbook\SOL_USDT_SWAP\2026-07-11.parquet (total 1514)
21:51:53 INFO Appended 183 rows -> C:\xampp\htdocs\crypto\microstructure_bot\data\ticker\SOL_USDT_SWAP\2026-07-11.parquet (total 1090)
21:51:53 INFO Appended 192 rows -> C:\xampp\htdocs\crypto\microstructure_bot\data\ticker\ETH_USDT_SWAP\2026-07-11.parquet (total 1214)
21:51:53 INFO Appended 182 rows -> C:\xampp\htdocs\crypto\microstructure_bot\data\trades\BTC_USDT_SWAP\2026-07-11.parquet (total 510)
21:51:53 INFO Appended 305 rows -> C:\xampp\htdocs\crypto\microstructure_bot\data\trades\ETH_USDT_SWAP\2026-07-11.parquet (total 1051)
21:51:53 INFO Appended 24 rows -> C:\xampp\htdocs\crypto\microstructure_bot\data\trades\SOL_USDT_SWAP\2026-07-11.parquet (total 82)
21:51:53 INFO Periodic flush: 1946 rows
21:52:23 INFO Appended 305 rows -> C:\xampp\htdocs\crypto\microstructure_bot\data\orderbook\BTC_USDT_SWAP\2026-07-11.parquet (total 2145)
21:52:24 INFO Appended 286 rows -> C:\xampp\htdocs\crypto\microstructure_bot\data\orderbook\SOL_USDT_SWAP\2026-07-11.parquet (total 1800)
21:52:24 INFO Appended 304 rows -> C:\xampp\htdocs\crypto\microstructure_bot\data\orderbook\ETH_USDT_SWAP\2026-07-11.parquet (total 2209)
21:52:24 INFO Appended 192 rows -> C:\xampp\htdocs\crypto\microstructure_bot\data\ticker\SOL_USDT_SWAP\2026-07-11.parquet (total 1282)
21:52:24 INFO Appended 190 rows -> C:\xampp\htdocs\crypto\microstructure_bot\data\ticker\ETH_USDT_SWAP\2026-07-11.parquet (total 1404)
21:52:24 INFO Appended 268 rows -> C:\xampp\htdocs\crypto\microstructure_bot\data\trades\BTC_USDT_SWAP\2026-07-11.parquet (total 778)
21:52:24 INFO Appended 290 rows -> C:\xampp\htdocs\crypto\microstructure_bot\data\trades\ETH_USDT_SWAP\2026-07-11.parquet (total 1341)
21:52:24 INFO Appended 49 rows -> C:\xampp\htdocs\crypto\microstructure_bot\data\trades\SOL_USDT_SWAP\2026-07-11.parquet (total 131)
21:52:24 INFO Appended 195 rows -> C:\xampp\htdocs\crypto\microstructure_bot\data\ticker\BTC_USDT_SWAP\2026-07-11.parquet (total 1404)
21:52:24 INFO Periodic flush: 2079 rows
21:52:54 INFO Appended 265 rows -> C:\xampp\htdocs\crypto\microstructure_bot\data\orderbook\SOL_USDT_SWAP\2026-07-11.parquet (total 2065)
21:52:54 INFO Appended 300 rows -> C:\xampp\htdocs\crypto\microstructure_bot\data\orderbook\ETH_USDT_SWAP\2026-07-11.parquet (total 2509)
21:52:54 INFO Appended 194 rows -> C:\xampp\htdocs\crypto\microstructure_bot\data\ticker\BTC_USDT_SWAP\2026-07-11.parquet (total 1598)
21:52:54 INFO Appended 192 rows -> C:\xampp\htdocs\crypto\microstructure_bot\data\ticker\ETH_USDT_SWAP\2026-07-11.parquet (total 1596)
21:52:54 INFO Appended 194 rows -> C:\xampp\htdocs\crypto\microstructure_bot\data\ticker\SOL_USDT_SWAP\2026-07-11.parquet (total 1476)
21:52:54 INFO Appended 296 rows -> C:\xampp\htdocs\crypto\microstructure_bot\data\orderbook\BTC_USDT_SWAP\2026-07-11.parquet (total 2441)
21:52:54 INFO Appended 354 rows -> C:\xampp\htdocs\crypto\microstructure_bot\data\trades\ETH_USDT_SWAP\2026-07-11.parquet (total 1695)
21:52:54 INFO Appended 25 rows -> C:\xampp\htdocs\crypto\microstructure_bot\data\trades\SOL_USDT_SWAP\2026-07-11.parquet (total 156)
21:52:54 INFO Appended 190 rows -> C:\xampp\htdocs\crypto\microstructure_bot\data\trades\BTC_USDT_SWAP\2026-07-11.parquet (total 968)
21:52:54 INFO Periodic flush: 2010 rows
21:53:24 INFO Appended 185 rows -> C:\xampp\htdocs\crypto\microstructure_bot\data\ticker\BTC_USDT_SWAP\2026-07-11.parquet (total 1783)
21:53:24 INFO Appended 294 rows -> C:\xampp\htdocs\crypto\microstructure_bot\data\orderbook\BTC_USDT_SWAP\2026-07-11.parquet (total 2735)
21:53:24 INFO Appended 253 rows -> C:\xampp\htdocs\crypto\microstructure_bot\data\orderbook\SOL_USDT_SWAP\2026-07-11.parquet (total 2318)
21:53:24 INFO Appended 301 rows -> C:\xampp\htdocs\crypto\microstructure_bot\data\orderbook\ETH_USDT_SWAP\2026-07-11.parquet (total 2810)
21:53:24 INFO Appended 74 rows -> C:\xampp\htdocs\crypto\microstructure_bot\data\trades\ETH_USDT_SWAP\2026-07-11.parquet (total 1769)
21:53:24 INFO Appended 193 rows -> C:\xampp\htdocs\crypto\microstructure_bot\data\ticker\SOL_USDT_SWAP\2026-07-11.parquet (total 1669)
21:53:24 INFO Appended 191 rows -> C:\xampp\htdocs\crypto\microstructure_bot\data\ticker\ETH_USDT_SWAP\2026-07-11.parquet (total 1787)
21:53:25 INFO Appended 48 rows -> C:\xampp\htdocs\crypto\microstructure_bot\data\trades\BTC_USDT_SWAP\2026-07-11.parquet (total 1016)
21:53:25 INFO Appended 7 rows -> C:\xampp\htdocs\crypto\microstructure_bot\data\trades\SOL_USDT_SWAP\2026-07-11.parquet (total 163)
21:53:25 INFO Periodic flush: 1546 rows
21:53:55 INFO Appended 46 rows -> C:\xampp\htdocs\crypto\microstructure_bot\data\trades\BTC_USDT_SWAP\2026-07-11.parquet (total 1062)
21:53:55 INFO Appended 295 rows -> C:\xampp\htdocs\crypto\microstructure_bot\data\orderbook\BTC_USDT_SWAP\2026-07-11.parquet (total 3030)
21:53:55 INFO Appended 241 rows -> C:\xampp\htdocs\crypto\microstructure_bot\data\orderbook\SOL_USDT_SWAP\2026-07-11.parquet (total 2559)
21:53:55 INFO Appended 304 rows -> C:\xampp\htdocs\crypto\microstructure_bot\data\orderbook\ETH_USDT_SWAP\2026-07-11.parquet (total 3114)
21:53:55 INFO Appended 153 rows -> C:\xampp\htdocs\crypto\microstructure_bot\data\trades\ETH_USDT_SWAP\2026-07-11.parquet (total 1922)
21:53:55 INFO Appended 188 rows -> C:\xampp\htdocs\crypto\microstructure_bot\data\ticker\BTC_USDT_SWAP\2026-07-11.parquet (total 1971)
21:53:55 INFO Appended 189 rows -> C:\xampp\htdocs\crypto\microstructure_bot\data\ticker\SOL_USDT_SWAP\2026-07-11.parquet (total 1858)
21:53:55 INFO Appended 187 rows -> C:\xampp\htdocs\crypto\microstructure_bot\data\ticker\ETH_USDT_SWAP\2026-07-11.parquet (total 1974)
21:53:55 INFO Appended 10 rows -> C:\xampp\htdocs\crypto\microstructure_bot\data\trades\SOL_USDT_SWAP\2026-07-11.parquet (total 173)
21:53:55 INFO Periodic flush: 1613 rows
21:54:25 INFO Appended 196 rows -> C:\xampp\htdocs\crypto\microstructure_bot\data\ticker\SOL_USDT_SWAP\2026-07-11.parquet (total 2054)
21:54:25 INFO Appended 143 rows -> C:\xampp\htdocs\crypto\microstructure_bot\data\trades\ETH_USDT_SWAP\2026-07-11.parquet (total 2065)
21:54:25 INFO Appended 275 rows -> C:\xampp\htdocs\crypto\microstructure_bot\data\orderbook\BTC_USDT_SWAP\2026-07-11.parquet (total 3305)
21:54:25 INFO Appended 257 rows -> C:\xampp\htdocs\crypto\microstructure_bot\data\orderbook\SOL_USDT_SWAP\2026-07-11.parquet (total 2816)
21:54:26 INFO Appended 300 rows -> C:\xampp\htdocs\crypto\microstructure_bot\data\orderbook\ETH_USDT_SWAP\2026-07-11.parquet (total 3414)
21:54:26 INFO Appended 189 rows -> C:\xampp\htdocs\crypto\microstructure_bot\data\ticker\BTC_USDT_SWAP\2026-07-11.parquet (total 2160)
21:54:26 INFO Appended 191 rows -> C:\xampp\htdocs\crypto\microstructure_bot\data\ticker\ETH_USDT_SWAP\2026-07-11.parquet (total 2165)
21:54:26 INFO Appended 26 rows -> C:\xampp\htdocs\crypto\microstructure_bot\data\trades\BTC_USDT_SWAP\2026-07-11.parquet (total 1088)
21:54:26 INFO Appended 29 rows -> C:\xampp\htdocs\crypto\microstructure_bot\data\trades\SOL_USDT_SWAP\2026-07-11.parquet (total 202)
21:54:26 INFO Periodic flush: 1606 rows
21:54:56 INFO Appended 192 rows -> C:\xampp\htdocs\crypto\microstructure_bot\data\ticker\ETH_USDT_SWAP\2026-07-11.parquet (total 2357)
21:54:56 INFO Appended 294 rows -> C:\xampp\htdocs\crypto\microstructure_bot\data\orderbook\BTC_USDT_SWAP\2026-07-11.parquet (total 3599)
21:54:56 INFO Appended 259 rows -> C:\xampp\htdocs\crypto\microstructure_bot\data\orderbook\SOL_USDT_SWAP\2026-07-11.parquet (total 3075)
21:54:56 INFO Appended 304 rows -> C:\xampp\htdocs\crypto\microstructure_bot\data\orderbook\ETH_USDT_SWAP\2026-07-11.parquet (total 3718)
21:54:56 INFO Appended 190 rows -> C:\xampp\htdocs\crypto\microstructure_bot\data\ticker\BTC_USDT_SWAP\2026-07-11.parquet (total 2350)
21:54:56 INFO Appended 193 rows -> C:\xampp\htdocs\crypto\microstructure_bot\data\ticker\SOL_USDT_SWAP\2026-07-11.parquet (total 2247)
21:54:56 INFO Appended 74 rows -> C:\xampp\htdocs\crypto\microstructure_bot\data\trades\ETH_USDT_SWAP\2026-07-11.parquet (total 2139)
21:54:56 INFO Appended 25 rows -> C:\xampp\htdocs\crypto\microstructure_bot\data\trades\BTC_USDT_SWAP\2026-07-11.parquet (total 1113)
21:54:56 INFO Appended 11 rows -> C:\xampp\htdocs\crypto\microstructure_bot\data\trades\SOL_USDT_SWAP\2026-07-11.parquet (total 213)
21:54:56 INFO Periodic flush: 1542 rows
21:55:27 INFO Appended 193 rows -> C:\xampp\htdocs\crypto\microstructure_bot\data\ticker\ETH_USDT_SWAP\2026-07-11.parquet (total 2550)
21:55:27 INFO Appended 196 rows -> C:\xampp\htdocs\crypto\microstructure_bot\data\ticker\SOL_USDT_SWAP\2026-07-11.parquet (total 2443)
21:55:27 INFO Appended 290 rows -> C:\xampp\htdocs\crypto\microstructure_bot\data\orderbook\BTC_USDT_SWAP\2026-07-11.parquet (total 3889)
21:55:27 INFO Appended 305 rows -> C:\xampp\htdocs\crypto\microstructure_bot\data\orderbook\ETH_USDT_SWAP\2026-07-11.parquet (total 4023)
21:55:27 INFO Appended 272 rows -> C:\xampp\htdocs\crypto\microstructure_bot\data\orderbook\SOL_USDT_SWAP\2026-07-11.parquet (total 3347)
21:55:27 INFO Appended 188 rows -> C:\xampp\htdocs\crypto\microstructure_bot\data\ticker\BTC_USDT_SWAP\2026-07-11.parquet (total 2538)
21:55:27 INFO Appended 91 rows -> C:\xampp\htdocs\crypto\microstructure_bot\data\trades\ETH_USDT_SWAP\2026-07-11.parquet (total 2230)
21:55:27 INFO Appended 15 rows -> C:\xampp\htdocs\crypto\microstructure_bot\data\trades\SOL_USDT_SWAP\2026-07-11.parquet (total 228)
21:55:27 INFO Appended 8 rows -> C:\xampp\htdocs\crypto\microstructure_bot\data\trades\BTC_USDT_SWAP\2026-07-11.parquet (total 1121)
21:55:27 INFO Periodic flush: 1558 rows
21:55:57 INFO Appended 87 rows -> C:\xampp\htdocs\crypto\microstructure_bot\data\trades\BTC_USDT_SWAP\2026-07-11.parquet (total 1208)
21:55:57 INFO Appended 189 rows -> C:\xampp\htdocs\crypto\microstructure_bot\data\ticker\BTC_USDT_SWAP\2026-07-11.parquet (total 2727)
21:55:57 INFO Appended 200 rows -> C:\xampp\htdocs\crypto\microstructure_bot\data\ticker\ETH_USDT_SWAP\2026-07-11.parquet (total 2750)
21:55:57 INFO Appended 297 rows -> C:\xampp\htdocs\crypto\microstructure_bot\data\orderbook\BTC_USDT_SWAP\2026-07-11.parquet (total 4186)
21:55:57 INFO Appended 270 rows -> C:\xampp\htdocs\crypto\microstructure_bot\data\orderbook\SOL_USDT_SWAP\2026-07-11.parquet (total 3617)
21:55:57 INFO Appended 300 rows -> C:\xampp\htdocs\crypto\microstructure_bot\data\orderbook\ETH_USDT_SWAP\2026-07-11.parquet (total 4323)
21:55:57 INFO Appended 188 rows -> C:\xampp\htdocs\crypto\microstructure_bot\data\ticker\SOL_USDT_SWAP\2026-07-11.parquet (total 2631)
21:55:57 INFO Appended 162 rows -> C:\xampp\htdocs\crypto\microstructure_bot\data\trades\ETH_USDT_SWAP\2026-07-11.parquet (total 2392)
21:55:58 INFO Appended 9 rows -> C:\xampp\htdocs\crypto\microstructure_bot\data\trades\SOL_USDT_SWAP\2026-07-11.parquet (total 237)
21:55:58 INFO Periodic flush: 1702 rows
21:56:28 INFO Appended 256 rows -> C:\xampp\htdocs\crypto\microstructure_bot\data\orderbook\SOL_USDT_SWAP\2026-07-11.parquet (total 3873)
21:56:28 INFO Appended 307 rows -> C:\xampp\htdocs\crypto\microstructure_bot\data\orderbook\ETH_USDT_SWAP\2026-07-11.parquet (total 4630)
21:56:28 INFO Appended 82 rows -> C:\xampp\htdocs\crypto\microstructure_bot\data\trades\BTC_USDT_SWAP\2026-07-11.parquet (total 1290)
21:56:28 INFO Appended 3 rows -> C:\xampp\htdocs\crypto\microstructure_bot\data\trades\SOL_USDT_SWAP\2026-07-11.parquet (total 240)
21:56:28 INFO Appended 181 rows -> C:\xampp\htdocs\crypto\microstructure_bot\data\trades\ETH_USDT_SWAP\2026-07-11.parquet (total 2573)
21:56:28 INFO Appended 191 rows -> C:\xampp\htdocs\crypto\microstructure_bot\data\ticker\SOL_USDT_SWAP\2026-07-11.parquet (total 2822)
21:56:28 INFO Appended 298 rows -> C:\xampp\htdocs\crypto\microstructure_bot\data\orderbook\BTC_USDT_SWAP\2026-07-11.parquet (total 4484)
21:56:28 INFO Appended 190 rows -> C:\xampp\htdocs\crypto\microstructure_bot\data\ticker\ETH_USDT_SWAP\2026-07-11.parquet (total 2940)
21:56:28 INFO Appended 186 rows -> C:\xampp\htdocs\crypto\microstructure_bot\data\ticker\BTC_USDT_SWAP\2026-07-11.parquet (total 2913)
21:56:28 INFO Periodic flush: 1694 rows
21:56:59 INFO Appended 195 rows -> C:\xampp\htdocs\crypto\microstructure_bot\data\ticker\ETH_USDT_SWAP\2026-07-11.parquet (total 3135)
21:56:59 INFO Appended 295 rows -> C:\xampp\htdocs\crypto\microstructure_bot\data\orderbook\BTC_USDT_SWAP\2026-07-11.parquet (total 4779)
21:56:59 INFO Appended 263 rows -> C:\xampp\htdocs\crypto\microstructure_bot\data\orderbook\SOL_USDT_SWAP\2026-07-11.parquet (total 4136)
21:56:59 INFO Appended 305 rows -> C:\xampp\htdocs\crypto\microstructure_bot\data\orderbook\ETH_USDT_SWAP\2026-07-11.parquet (total 4935)
21:56:59 INFO Appended 193 rows -> C:\xampp\htdocs\crypto\microstructure_bot\data\ticker\SOL_USDT_SWAP\2026-07-11.parquet (total 3015)
21:56:59 INFO Appended 196 rows -> C:\xampp\htdocs\crypto\microstructure_bot\data\ticker\BTC_USDT_SWAP\2026-07-11.parquet (total 3109)
21:56:59 INFO Appended 91 rows -> C:\xampp\htdocs\crypto\microstructure_bot\data\trades\ETH_USDT_SWAP\2026-07-11.parquet (total 2664)
21:56:59 INFO Appended 35 rows -> C:\xampp\htdocs\crypto\microstructure_bot\data\trades\BTC_USDT_SWAP\2026-07-11.parquet (total 1325)
21:56:59 INFO Appended 11 rows -> C:\xampp\htdocs\crypto\microstructure_bot\data\trades\SOL_USDT_SWAP\2026-07-11.parquet (total 251)
21:56:59 INFO Periodic flush: 1584 rows
21:57:29 INFO Appended 298 rows -> C:\xampp\htdocs\crypto\microstructure_bot\data\orderbook\BTC_USDT_SWAP\2026-07-11.parquet (total 5077)
21:57:29 INFO Appended 258 rows -> C:\xampp\htdocs\crypto\microstructure_bot\data\orderbook\SOL_USDT_SWAP\2026-07-11.parquet (total 4394)
21:57:30 INFO Appended 297 rows -> C:\xampp\htdocs\crypto\microstructure_bot\data\orderbook\ETH_USDT_SWAP\2026-07-11.parquet (total 5232)
21:57:30 INFO Appended 52 rows -> C:\xampp\htdocs\crypto\microstructure_bot\data\trades\BTC_USDT_SWAP\2026-07-11.parquet (total 1377)
21:57:30 INFO Appended 191 rows -> C:\xampp\htdocs\crypto\microstructure_bot\data\ticker\BTC_USDT_SWAP\2026-07-11.parquet (total 3300)
21:57:30 INFO Appended 192 rows -> C:\xampp\htdocs\crypto\microstructure_bot\data\ticker\ETH_USDT_SWAP\2026-07-11.parquet (total 3327)
21:57:30 INFO Appended 196 rows -> C:\xampp\htdocs\crypto\microstructure_bot\data\ticker\SOL_USDT_SWAP\2026-07-11.parquet (total 3211)
21:57:30 INFO Appended 39 rows -> C:\xampp\htdocs\crypto\microstructure_bot\data\trades\ETH_USDT_SWAP\2026-07-11.parquet (total 2703)
21:57:30 INFO Appended 23 rows -> C:\xampp\htdocs\crypto\microstructure_bot\data\trades\SOL_USDT_SWAP\2026-07-11.parquet (total 274)
21:57:30 INFO Periodic flush: 1546 rows
21:58:00 INFO Appended 196 rows -> C:\xampp\htdocs\crypto\microstructure_bot\data\ticker\ETH_USDT_SWAP\2026-07-11.parquet (total 3523)
21:58:00 INFO Appended 198 rows -> C:\xampp\htdocs\crypto\microstructure_bot\data\ticker\BTC_USDT_SWAP\2026-07-11.parquet (total 3498)
21:58:00 INFO Appended 299 rows -> C:\xampp\htdocs\crypto\microstructure_bot\data\orderbook\BTC_USDT_SWAP\2026-07-11.parquet (total 5376)
21:58:00 INFO Appended 299 rows -> C:\xampp\htdocs\crypto\microstructure_bot\data\orderbook\ETH_USDT_SWAP\2026-07-11.parquet (total 5531)
21:58:00 INFO Appended 192 rows -> C:\xampp\htdocs\crypto\microstructure_bot\data\ticker\SOL_USDT_SWAP\2026-07-11.parquet (total 3403)
21:58:00 INFO Appended 270 rows -> C:\xampp\htdocs\crypto\microstructure_bot\data\orderbook\SOL_USDT_SWAP\2026-07-11.parquet (total 4664)
21:58:00 INFO Appended 46 rows -> C:\xampp\htdocs\crypto\microstructure_bot\data\trades\SOL_USDT_SWAP\2026-07-11.parquet (total 320)
21:58:00 INFO Appended 177 rows -> C:\xampp\htdocs\crypto\microstructure_bot\data\trades\ETH_USDT_SWAP\2026-07-11.parquet (total 2880)
21:58:00 INFO Appended 78 rows -> C:\xampp\htdocs\crypto\microstructure_bot\data\trades\BTC_USDT_SWAP\2026-07-11.parquet (total 1455)
21:58:00 INFO Periodic flush: 1755 rows
21:58:31 INFO Appended 197 rows -> C:\xampp\htdocs\crypto\microstructure_bot\data\ticker\ETH_USDT_SWAP\2026-07-11.parquet (total 3720)
21:58:31 INFO Appended 194 rows -> C:\xampp\htdocs\crypto\microstructure_bot\data\ticker\SOL_USDT_SWAP\2026-07-11.parquet (total 3597)
21:58:31 INFO Appended 303 rows -> C:\xampp\htdocs\crypto\microstructure_bot\data\orderbook\BTC_USDT_SWAP\2026-07-11.parquet (total 5679)
21:58:31 INFO Appended 308 rows -> C:\xampp\htdocs\crypto\microstructure_bot\data\orderbook\ETH_USDT_SWAP\2026-07-11.parquet (total 5839)
21:58:31 INFO Appended 291 rows -> C:\xampp\htdocs\crypto\microstructure_bot\data\orderbook\SOL_USDT_SWAP\2026-07-11.parquet (total 4955)
21:58:31 INFO Appended 188 rows -> C:\xampp\htdocs\crypto\microstructure_bot\data\ticker\BTC_USDT_SWAP\2026-07-11.parquet (total 3686)
21:58:31 INFO Appended 145 rows -> C:\xampp\htdocs\crypto\microstructure_bot\data\trades\ETH_USDT_SWAP\2026-07-11.parquet (total 3025)
21:58:31 INFO Appended 19 rows -> C:\xampp\htdocs\crypto\microstructure_bot\data\trades\SOL_USDT_SWAP\2026-07-11.parquet (total 339)
21:58:31 INFO Appended 85 rows -> C:\xampp\htdocs\crypto\microstructure_bot\data\trades\BTC_USDT_SWAP\2026-07-11.parquet (total 1540)
21:58:31 INFO Periodic flush: 1730 rows
21:59:02 INFO Appended 196 rows -> C:\xampp\htdocs\crypto\microstructure_bot\data\ticker\SOL_USDT_SWAP\2026-07-11.parquet (total 3793)
21:59:02 INFO Appended 297 rows -> C:\xampp\htdocs\crypto\microstructure_bot\data\orderbook\BTC_USDT_SWAP\2026-07-11.parquet (total 5976)
21:59:02 INFO Appended 260 rows -> C:\xampp\htdocs\crypto\microstructure_bot\data\orderbook\SOL_USDT_SWAP\2026-07-11.parquet (total 5215)
21:59:02 INFO Appended 301 rows -> C:\xampp\htdocs\crypto\microstructure_bot\data\orderbook\ETH_USDT_SWAP\2026-07-11.parquet (total 6140)
21:59:02 INFO Appended 190 rows -> C:\xampp\htdocs\crypto\microstructure_bot\data\ticker\BTC_USDT_SWAP\2026-07-11.parquet (total 3876)
21:59:02 INFO Appended 188 rows -> C:\xampp\htdocs\crypto\microstructure_bot\data\ticker\ETH_USDT_SWAP\2026-07-11.parquet (total 3908)
21:59:02 INFO Appended 98 rows -> C:\xampp\htdocs\crypto\microstructure_bot\data\trades\BTC_USDT_SWAP\2026-07-11.parquet (total 1638)
21:59:02 INFO Appended 70 rows -> C:\xampp\htdocs\crypto\microstructure_bot\data\trades\ETH_USDT_SWAP\2026-07-11.parquet (total 3095)
21:59:02 INFO Appended 10 rows -> C:\xampp\htdocs\crypto\microstructure_bot\data\trades\SOL_USDT_SWAP\2026-07-11.parquet (total 349)
21:59:02 INFO Periodic flush: 1610 rows
21:59:33 INFO Appended 197 rows -> C:\xampp\htdocs\crypto\microstructure_bot\data\ticker\SOL_USDT_SWAP\2026-07-11.parquet (total 3990)
21:59:33 INFO Appended 293 rows -> C:\xampp\htdocs\crypto\microstructure_bot\data\orderbook\BTC_USDT_SWAP\2026-07-11.parquet (total 6269)
21:59:33 INFO Appended 309 rows -> C:\xampp\htdocs\crypto\microstructure_bot\data\orderbook\ETH_USDT_SWAP\2026-07-11.parquet (total 6449)
21:59:33 INFO Appended 197 rows -> C:\xampp\htdocs\crypto\microstructure_bot\data\ticker\BTC_USDT_SWAP\2026-07-11.parquet (total 4073)
21:59:33 INFO Appended 192 rows -> C:\xampp\htdocs\crypto\microstructure_bot\data\ticker\ETH_USDT_SWAP\2026-07-11.parquet (total 4100)
21:59:33 INFO Appended 247 rows -> C:\xampp\htdocs\crypto\microstructure_bot\data\orderbook\SOL_USDT_SWAP\2026-07-11.parquet (total 5462)
21:59:33 INFO Appended 55 rows -> C:\xampp\htdocs\crypto\microstructure_bot\data\trades\ETH_USDT_SWAP\2026-07-11.parquet (total 3150)
21:59:33 INFO Appended 34 rows -> C:\xampp\htdocs\crypto\microstructure_bot\data\trades\BTC_USDT_SWAP\2026-07-11.parquet (total 1672)
21:59:33 INFO Appended 9 rows -> C:\xampp\htdocs\crypto\microstructure_bot\data\trades\SOL_USDT_SWAP\2026-07-11.parquet (total 358)
21:59:33 INFO Periodic flush: 1533 rows
22:00:04 INFO Appended 289 rows -> C:\xampp\htdocs\crypto\microstructure_bot\data\orderbook\BTC_USDT_SWAP\2026-07-11.parquet (total 6558)
22:00:04 INFO Appended 264 rows -> C:\xampp\htdocs\crypto\microstructure_bot\data\orderbook\SOL_USDT_SWAP\2026-07-11.parquet (total 5726)
22:00:04 INFO Appended 305 rows -> C:\xampp\htdocs\crypto\microstructure_bot\data\orderbook\ETH_USDT_SWAP\2026-07-11.parquet (total 6754)
22:00:04 INFO Appended 187 rows -> C:\xampp\htdocs\crypto\microstructure_bot\data\ticker\BTC_USDT_SWAP\2026-07-11.parquet (total 4260)
22:00:04 INFO Appended 18 rows -> C:\xampp\htdocs\crypto\microstructure_bot\data\trades\SOL_USDT_SWAP\2026-07-11.parquet (total 376)
22:00:04 INFO Appended 197 rows -> C:\xampp\htdocs\crypto\microstructure_bot\data\ticker\ETH_USDT_SWAP\2026-07-11.parquet (total 4297)
22:00:04 INFO Appended 194 rows -> C:\xampp\htdocs\crypto\microstructure_bot\data\ticker\SOL_USDT_SWAP\2026-07-11.parquet (total 4184)
22:00:04 INFO Appended 176 rows -> C:\xampp\htdocs\crypto\microstructure_bot\data\trades\ETH_USDT_SWAP\2026-07-11.parquet (total 3326)
22:00:04 INFO Appended 36 rows -> C:\xampp\htdocs\crypto\microstructure_bot\data\trades\BTC_USDT_SWAP\2026-07-11.parquet (total 1708)
22:00:04 INFO Periodic flush: 1666 rows
22:00:04 INFO Appended 1 rows -> C:\xampp\htdocs\crypto\microstructure_bot\data\statistics\BTC_USDT_SWAP\2026-07-11.parquet (total 2)
22:00:05 INFO Appended 1 rows -> C:\xampp\htdocs\crypto\microstructure_bot\data\statistics\ETH_USDT_SWAP\2026-07-11.parquet (total 2)
22:00:05 INFO Appended 1 rows -> C:\xampp\htdocs\crypto\microstructure_bot\data\statistics\SOL_USDT_SWAP\2026-07-11.parquet (total 2)
22:00:05 INFO Hourly statistics: +3 rows
22:00:35 INFO Appended 304 rows -> C:\xampp\htdocs\crypto\microstructure_bot\data\orderbook\BTC_USDT_SWAP\2026-07-11.parquet (total 6862)
22:00:35 INFO Appended 286 rows -> C:\xampp\htdocs\crypto\microstructure_bot\data\orderbook\SOL_USDT_SWAP\2026-07-11.parquet (total 6012)
22:00:35 INFO Appended 313 rows -> C:\xampp\htdocs\crypto\microstructure_bot\data\orderbook\ETH_USDT_SWAP\2026-07-11.parquet (total 7067)
22:00:35 INFO Appended 204 rows -> C:\xampp\htdocs\crypto\microstructure_bot\data\ticker\SOL_USDT_SWAP\2026-07-11.parquet (total 4388)
22:00:35 INFO Appended 201 rows -> C:\xampp\htdocs\crypto\microstructure_bot\data\ticker\BTC_USDT_SWAP\2026-07-11.parquet (total 4461)
22:00:35 INFO Appended 193 rows -> C:\xampp\htdocs\crypto\microstructure_bot\data\ticker\ETH_USDT_SWAP\2026-07-11.parquet (total 4490)
22:00:35 INFO Appended 212 rows -> C:\xampp\htdocs\crypto\microstructure_bot\data\trades\ETH_USDT_SWAP\2026-07-11.parquet (total 3538)
22:00:35 INFO Appended 118 rows -> C:\xampp\htdocs\crypto\microstructure_bot\data\trades\BTC_USDT_SWAP\2026-07-11.parquet (total 1826)
22:00:35 INFO Appended 23 rows -> C:\xampp\htdocs\crypto\microstructure_bot\data\trades\SOL_USDT_SWAP\2026-07-11.parquet (total 399)
22:00:35 INFO Periodic flush: 1854 rows
22:01:06 INFO Appended 202 rows -> C:\xampp\htdocs\crypto\microstructure_bot\data\ticker\SOL_USDT_SWAP\2026-07-11.parquet (total 4590)
22:01:06 INFO Appended 301 rows -> C:\xampp\htdocs\crypto\microstructure_bot\data\orderbook\BTC_USDT_SWAP\2026-07-11.parquet (total 7163)
22:01:06 INFO Appended 280 rows -> C:\xampp\htdocs\crypto\microstructure_bot\data\orderbook\SOL_USDT_SWAP\2026-07-11.parquet (total 6292)
22:01:06 INFO Appended 309 rows -> C:\xampp\htdocs\crypto\microstructure_bot\data\orderbook\ETH_USDT_SWAP\2026-07-11.parquet (total 7376)
22:01:06 INFO Appended 192 rows -> C:\xampp\htdocs\crypto\microstructure_bot\data\ticker\ETH_USDT_SWAP\2026-07-11.parquet (total 4682)
22:01:06 INFO Appended 197 rows -> C:\xampp\htdocs\crypto\microstructure_bot\data\ticker\BTC_USDT_SWAP\2026-07-11.parquet (total 4658)
22:01:06 INFO Appended 93 rows -> C:\xampp\htdocs\crypto\microstructure_bot\data\trades\ETH_USDT_SWAP\2026-07-11.parquet (total 3631)
22:01:06 INFO Appended 42 rows -> C:\xampp\htdocs\crypto\microstructure_bot\data\trades\BTC_USDT_SWAP\2026-07-11.parquet (total 1868)
22:01:06 INFO Appended 21 rows -> C:\xampp\htdocs\crypto\microstructure_bot\data\trades\SOL_USDT_SWAP\2026-07-11.parquet (total 420)
22:01:06 INFO Periodic flush: 1637 rows
22:01:37 INFO Appended 191 rows -> C:\xampp\htdocs\crypto\microstructure_bot\data\ticker\BTC_USDT_SWAP\2026-07-11.parquet (total 4849)
22:01:37 INFO Appended 189 rows -> C:\xampp\htdocs\crypto\microstructure_bot\data\ticker\SOL_USDT_SWAP\2026-07-11.parquet (total 4779)
22:01:37 INFO Appended 199 rows -> C:\xampp\htdocs\crypto\microstructure_bot\data\ticker\ETH_USDT_SWAP\2026-07-11.parquet (total 4881)
22:01:37 INFO Appended 306 rows -> C:\xampp\htdocs\crypto\microstructure_bot\data\orderbook\ETH_USDT_SWAP\2026-07-11.parquet (total 7682)
22:01:37 INFO Appended 294 rows -> C:\xampp\htdocs\crypto\microstructure_bot\data\orderbook\BTC_USDT_SWAP\2026-07-11.parquet (total 7457)
22:01:37 INFO Appended 272 rows -> C:\xampp\htdocs\crypto\microstructure_bot\data\orderbook\SOL_USDT_SWAP\2026-07-11.parquet (total 6564)
22:01:37 INFO Appended 156 rows -> C:\xampp\htdocs\crypto\microstructure_bot\data\trades\ETH_USDT_SWAP\2026-07-11.parquet (total 3787)
22:01:37 INFO Appended 26 rows -> C:\xampp\htdocs\crypto\microstructure_bot\data\trades\BTC_USDT_SWAP\2026-07-11.parquet (total 1894)
22:01:37 INFO Appended 24 rows -> C:\xampp\htdocs\crypto\microstructure_bot\data\trades\SOL_USDT_SWAP\2026-07-11.parquet (total 444)
22:01:37 INFO Periodic flush: 1657 rows
22:02:08 INFO Appended 197 rows -> C:\xampp\htdocs\crypto\microstructure_bot\data\ticker\BTC_USDT_SWAP\2026-07-11.parquet (total 5046)
22:02:08 INFO Appended 197 rows -> C:\xampp\htdocs\crypto\microstructure_bot\data\ticker\ETH_USDT_SWAP\2026-07-11.parquet (total 5078)
22:02:08 INFO Appended 293 rows -> C:\xampp\htdocs\crypto\microstructure_bot\data\orderbook\BTC_USDT_SWAP\2026-07-11.parquet (total 7750)
22:02:08 INFO Appended 276 rows -> C:\xampp\htdocs\crypto\microstructure_bot\data\orderbook\SOL_USDT_SWAP\2026-07-11.parquet (total 6840)
22:02:08 INFO Appended 303 rows -> C:\xampp\htdocs\crypto\microstructure_bot\data\orderbook\ETH_USDT_SWAP\2026-07-11.parquet (total 7985)
22:02:08 INFO Appended 43 rows -> C:\xampp\htdocs\crypto\microstructure_bot\data\trades\SOL_USDT_SWAP\2026-07-11.parquet (total 487)
22:02:08 INFO Appended 192 rows -> C:\xampp\htdocs\crypto\microstructure_bot\data\ticker\SOL_USDT_SWAP\2026-07-11.parquet (total 4971)
22:02:08 INFO Appended 82 rows -> C:\xampp\htdocs\crypto\microstructure_bot\data\trades\BTC_USDT_SWAP\2026-07-11.parquet (total 1976)
22:02:08 INFO Appended 50 rows -> C:\xampp\htdocs\crypto\microstructure_bot\data\trades\ETH_USDT_SWAP\2026-07-11.parquet (total 3837)
22:02:08 INFO Periodic flush: 1633 rows
22:02:39 INFO Appended 195 rows -> C:\xampp\htdocs\crypto\microstructure_bot\data\ticker\BTC_USDT_SWAP\2026-07-11.parquet (total 5241)
22:02:39 INFO Appended 198 rows -> C:\xampp\htdocs\crypto\microstructure_bot\data\ticker\SOL_USDT_SWAP\2026-07-11.parquet (total 5169)
22:02:39 INFO Appended 293 rows -> C:\xampp\htdocs\crypto\microstructure_bot\data\orderbook\BTC_USDT_SWAP\2026-07-11.parquet (total 8043)
22:02:39 INFO Appended 302 rows -> C:\xampp\htdocs\crypto\microstructure_bot\data\orderbook\ETH_USDT_SWAP\2026-07-11.parquet (total 8287)
22:02:39 INFO Appended 245 rows -> C:\xampp\htdocs\crypto\microstructure_bot\data\orderbook\SOL_USDT_SWAP\2026-07-11.parquet (total 7085)
22:02:39 INFO Appended 45 rows -> C:\xampp\htdocs\crypto\microstructure_bot\data\trades\ETH_USDT_SWAP\2026-07-11.parquet (total 3882)
22:02:39 INFO Appended 192 rows -> C:\xampp\htdocs\crypto\microstructure_bot\data\ticker\ETH_USDT_SWAP\2026-07-11.parquet (total 5270)
22:02:39 INFO Appended 17 rows -> C:\xampp\htdocs\crypto\microstructure_bot\data\trades\BTC_USDT_SWAP\2026-07-11.parquet (total 1993)
22:02:39 INFO Appended 18 rows -> C:\xampp\htdocs\crypto\microstructure_bot\data\trades\SOL_USDT_SWAP\2026-07-11.parquet (total 505)
22:02:39 INFO Periodic flush: 1505 rows
22:03:10 INFO Appended 119 rows -> C:\xampp\htdocs\crypto\microstructure_bot\data\trades\ETH_USDT_SWAP\2026-07-11.parquet (total 4001)
22:03:10 INFO Appended 298 rows -> C:\xampp\htdocs\crypto\microstructure_bot\data\orderbook\BTC_USDT_SWAP\2026-07-11.parquet (total 8341)
22:03:10 INFO Appended 260 rows -> C:\xampp\htdocs\crypto\microstructure_bot\data\orderbook\SOL_USDT_SWAP\2026-07-11.parquet (total 7345)
22:03:10 INFO Appended 309 rows -> C:\xampp\htdocs\crypto\microstructure_bot\data\orderbook\ETH_USDT_SWAP\2026-07-11.parquet (total 8596)
22:03:10 INFO Appended 196 rows -> C:\xampp\htdocs\crypto\microstructure_bot\data\ticker\BTC_USDT_SWAP\2026-07-11.parquet (total 5437)
22:03:10 INFO Appended 199 rows -> C:\xampp\htdocs\crypto\microstructure_bot\data\ticker\ETH_USDT_SWAP\2026-07-11.parquet (total 5469)
22:03:10 INFO Appended 198 rows -> C:\xampp\htdocs\crypto\microstructure_bot\data\ticker\SOL_USDT_SWAP\2026-07-11.parquet (total 5367)
22:03:10 INFO Appended 13 rows -> C:\xampp\htdocs\crypto\microstructure_bot\data\trades\SOL_USDT_SWAP\2026-07-11.parquet (total 518)
22:03:10 INFO Appended 28 rows -> C:\xampp\htdocs\crypto\microstructure_bot\data\trades\BTC_USDT_SWAP\2026-07-11.parquet (total 2021)
22:03:10 INFO Periodic flush: 1620 rows
22:03:41 INFO Appended 306 rows -> C:\xampp\htdocs\crypto\microstructure_bot\data\orderbook\BTC_USDT_SWAP\2026-07-11.parquet (total 8647)
22:03:41 INFO Appended 294 rows -> C:\xampp\htdocs\crypto\microstructure_bot\data\orderbook\SOL_USDT_SWAP\2026-07-11.parquet (total 7639)
22:03:41 INFO Appended 311 rows -> C:\xampp\htdocs\crypto\microstructure_bot\data\orderbook\ETH_USDT_SWAP\2026-07-11.parquet (total 8907)
22:03:41 INFO Appended 351 rows -> C:\xampp\htdocs\crypto\microstructure_bot\data\trades\ETH_USDT_SWAP\2026-07-11.parquet (total 4352)
22:03:41 INFO Appended 205 rows -> C:\xampp\htdocs\crypto\microstructure_bot\data\ticker\ETH_USDT_SWAP\2026-07-11.parquet (total 5674)
22:03:41 INFO Appended 194 rows -> C:\xampp\htdocs\crypto\microstructure_bot\data\ticker\SOL_USDT_SWAP\2026-07-11.parquet (total 5561)
22:03:41 INFO Appended 198 rows -> C:\xampp\htdocs\crypto\microstructure_bot\data\ticker\BTC_USDT_SWAP\2026-07-11.parquet (total 5635)
22:03:41 INFO Appended 287 rows -> C:\xampp\htdocs\crypto\microstructure_bot\data\trades\BTC_USDT_SWAP\2026-07-11.parquet (total 2308)
22:03:41 INFO Appended 35 rows -> C:\xampp\htdocs\crypto\microstructure_bot\data\trades\SOL_USDT_SWAP\2026-07-11.parquet (total 553)
22:03:41 INFO Periodic flush: 2181 rows
22:04:12 INFO Appended 298 rows -> C:\xampp\htdocs\crypto\microstructure_bot\data\orderbook\BTC_USDT_SWAP\2026-07-11.parquet (total 8945)
22:04:12 INFO Appended 264 rows -> C:\xampp\htdocs\crypto\microstructure_bot\data\orderbook\SOL_USDT_SWAP\2026-07-11.parquet (total 7903)
22:04:12 INFO Appended 305 rows -> C:\xampp\htdocs\crypto\microstructure_bot\data\orderbook\ETH_USDT_SWAP\2026-07-11.parquet (total 9212)
22:04:12 INFO Appended 194 rows -> C:\xampp\htdocs\crypto\microstructure_bot\data\ticker\BTC_USDT_SWAP\2026-07-11.parquet (total 5829)
22:04:12 INFO Appended 42 rows -> C:\xampp\htdocs\crypto\microstructure_bot\data\trades\SOL_USDT_SWAP\2026-07-11.parquet (total 595)
22:04:12 INFO Appended 198 rows -> C:\xampp\htdocs\crypto\microstructure_bot\data\ticker\SOL_USDT_SWAP\2026-07-11.parquet (total 5759)
22:04:12 INFO Appended 197 rows -> C:\xampp\htdocs\crypto\microstructure_bot\data\ticker\ETH_USDT_SWAP\2026-07-11.parquet (total 5871)
22:04:12 INFO Appended 261 rows -> C:\xampp\htdocs\crypto\microstructure_bot\data\trades\ETH_USDT_SWAP\2026-07-11.parquet (total 4613)
22:04:12 INFO Appended 118 rows -> C:\xampp\htdocs\crypto\microstructure_bot\data\trades\BTC_USDT_SWAP\2026-07-11.parquet (total 2426)
22:04:12 INFO Periodic flush: 1877 rows
22:04:43 INFO Appended 290 rows -> C:\xampp\htdocs\crypto\microstructure_bot\data\orderbook\SOL_USDT_SWAP\2026-07-11.parquet (total 8193)
22:04:43 INFO Appended 309 rows -> C:\xampp\htdocs\crypto\microstructure_bot\data\orderbook\ETH_USDT_SWAP\2026-07-11.parquet (total 9521)
22:04:43 INFO Appended 305 rows -> C:\xampp\htdocs\crypto\microstructure_bot\data\orderbook\BTC_USDT_SWAP\2026-07-11.parquet (total 9250)
22:04:43 INFO Appended 197 rows -> C:\xampp\htdocs\crypto\microstructure_bot\data\ticker\SOL_USDT_SWAP\2026-07-11.parquet (total 5956)
22:04:43 INFO Appended 198 rows -> C:\xampp\htdocs\crypto\microstructure_bot\data\ticker\BTC_USDT_SWAP\2026-07-11.parquet (total 6027)
22:04:43 INFO Appended 197 rows -> C:\xampp\htdocs\crypto\microstructure_bot\data\ticker\ETH_USDT_SWAP\2026-07-11.parquet (total 6068)
22:04:43 INFO Appended 197 rows -> C:\xampp\htdocs\crypto\microstructure_bot\data\trades\ETH_USDT_SWAP\2026-07-11.parquet (total 4810)
22:04:43 INFO Appended 36 rows -> C:\xampp\htdocs\crypto\microstructure_bot\data\trades\SOL_USDT_SWAP\2026-07-11.parquet (total 631)
22:04:44 INFO Appended 89 rows -> C:\xampp\htdocs\crypto\microstructure_bot\data\trades\BTC_USDT_SWAP\2026-07-11.parquet (total 2515)
22:04:44 INFO Periodic flush: 1818 rows
22:05:15 INFO Appended 198 rows -> C:\xampp\htdocs\crypto\microstructure_bot\data\ticker\SOL_USDT_SWAP\2026-07-11.parquet (total 6154)
22:05:15 INFO Appended 203 rows -> C:\xampp\htdocs\crypto\microstructure_bot\data\ticker\ETH_USDT_SWAP\2026-07-11.parquet (total 6271)
22:05:15 INFO Appended 313 rows -> C:\xampp\htdocs\crypto\microstructure_bot\data\orderbook\BTC_USDT_SWAP\2026-07-11.parquet (total 9563)
22:05:15 INFO Appended 290 rows -> C:\xampp\htdocs\crypto\microstructure_bot\data\orderbook\SOL_USDT_SWAP\2026-07-11.parquet (total 8483)
22:05:15 INFO Appended 315 rows -> C:\xampp\htdocs\crypto\microstructure_bot\data\orderbook\ETH_USDT_SWAP\2026-07-11.parquet (total 9836)
22:05:15 INFO Appended 225 rows -> C:\xampp\htdocs\crypto\microstructure_bot\data\trades\ETH_USDT_SWAP\2026-07-11.parquet (total 5035)
22:05:15 INFO Appended 196 rows -> C:\xampp\htdocs\crypto\microstructure_bot\data\ticker\BTC_USDT_SWAP\2026-07-11.parquet (total 6223)
22:05:15 INFO Appended 37 rows -> C:\xampp\htdocs\crypto\microstructure_bot\data\trades\SOL_USDT_SWAP\2026-07-11.parquet (total 668)
22:05:15 INFO Appended 103 rows -> C:\xampp\htdocs\crypto\microstructure_bot\data\trades\BTC_USDT_SWAP\2026-07-11.parquet (total 2618)
22:05:15 INFO Periodic flush: 1880 rows
22:05:46 INFO Appended 299 rows -> C:\xampp\htdocs\crypto\microstructure_bot\data\orderbook\SOL_USDT_SWAP\2026-07-11.parquet (total 8782)
22:05:46 INFO Appended 314 rows -> C:\xampp\htdocs\crypto\microstructure_bot\data\orderbook\ETH_USDT_SWAP\2026-07-11.parquet (total 10150)
22:05:46 INFO Appended 202 rows -> C:\xampp\htdocs\crypto\microstructure_bot\data\ticker\ETH_USDT_SWAP\2026-07-11.parquet (total 6473)
22:05:46 INFO Appended 200 rows -> C:\xampp\htdocs\crypto\microstructure_bot\data\ticker\BTC_USDT_SWAP\2026-07-11.parquet (total 6423)
22:05:46 INFO Appended 308 rows -> C:\xampp\htdocs\crypto\microstructure_bot\data\orderbook\BTC_USDT_SWAP\2026-07-11.parquet (total 9871)
22:05:47 INFO Appended 204 rows -> C:\xampp\htdocs\crypto\microstructure_bot\data\ticker\SOL_USDT_SWAP\2026-07-11.parquet (total 6358)
22:05:47 INFO Appended 317 rows -> C:\xampp\htdocs\crypto\microstructure_bot\data\trades\ETH_USDT_SWAP\2026-07-11.parquet (total 5352)
22:05:47 INFO Appended 301 rows -> C:\xampp\htdocs\crypto\microstructure_bot\data\trades\BTC_USDT_SWAP\2026-07-11.parquet (total 2919)
22:05:47 INFO Appended 27 rows -> C:\xampp\htdocs\crypto\microstructure_bot\data\trades\SOL_USDT_SWAP\2026-07-11.parquet (total 695)
22:05:47 INFO Periodic flush: 2172 rows
22:06:18 INFO Appended 276 rows -> C:\xampp\htdocs\crypto\microstructure_bot\data\orderbook\SOL_USDT_SWAP\2026-07-11.parquet (total 9058)
22:06:18 INFO Appended 319 rows -> C:\xampp\htdocs\crypto\microstructure_bot\data\orderbook\ETH_USDT_SWAP\2026-07-11.parquet (total 10469)
22:06:18 INFO Appended 202 rows -> C:\xampp\htdocs\crypto\microstructure_bot\data\ticker\BTC_USDT_SWAP\2026-07-11.parquet (total 6625)
22:06:18 INFO Appended 205 rows -> C:\xampp\htdocs\crypto\microstructure_bot\data\ticker\ETH_USDT_SWAP\2026-07-11.parquet (total 6678)
22:06:18 INFO Appended 170 rows -> C:\xampp\htdocs\crypto\microstructure_bot\data\trades\ETH_USDT_SWAP\2026-07-11.parquet (total 5522)
22:06:19 INFO Appended 314 rows -> C:\xampp\htdocs\crypto\microstructure_bot\data\orderbook\BTC_USDT_SWAP\2026-07-11.parquet (total 10185)
22:06:19 INFO Appended 201 rows -> C:\xampp\htdocs\crypto\microstructure_bot\data\ticker\SOL_USDT_SWAP\2026-07-11.parquet (total 6559)
22:06:19 INFO Appended 141 rows -> C:\xampp\htdocs\crypto\microstructure_bot\data\trades\BTC_USDT_SWAP\2026-07-11.parquet (total 3060)
22:06:19 INFO Appended 32 rows -> C:\xampp\htdocs\crypto\microstructure_bot\data\trades\SOL_USDT_SWAP\2026-07-11.parquet (total 727)
22:06:19 INFO Periodic flush: 1860 rows
22:06:50 INFO Appended 269 rows -> C:\xampp\htdocs\crypto\microstructure_bot\data\orderbook\SOL_USDT_SWAP\2026-07-11.parquet (total 9327)
22:06:50 INFO Appended 311 rows -> C:\xampp\htdocs\crypto\microstructure_bot\data\orderbook\ETH_USDT_SWAP\2026-07-11.parquet (total 10780)
22:06:50 INFO Appended 296 rows -> C:\xampp\htdocs\crypto\microstructure_bot\data\orderbook\BTC_USDT_SWAP\2026-07-11.parquet (total 10481)
22:06:50 INFO Appended 195 rows -> C:\xampp\htdocs\crypto\microstructure_bot\data\ticker\SOL_USDT_SWAP\2026-07-11.parquet (total 6754)
22:06:50 INFO Appended 199 rows -> C:\xampp\htdocs\crypto\microstructure_bot\data\ticker\ETH_USDT_SWAP\2026-07-11.parquet (total 6877)
22:06:50 INFO Appended 196 rows -> C:\xampp\htdocs\crypto\microstructure_bot\data\ticker\BTC_USDT_SWAP\2026-07-11.parquet (total 6821)
22:06:50 INFO Appended 28 rows -> C:\xampp\htdocs\crypto\microstructure_bot\data\trades\BTC_USDT_SWAP\2026-07-11.parquet (total 3088)
22:06:50 INFO Appended 82 rows -> C:\xampp\htdocs\crypto\microstructure_bot\data\trades\ETH_USDT_SWAP\2026-07-11.parquet (total 5604)
22:06:50 INFO Appended 22 rows -> C:\xampp\htdocs\crypto\microstructure_bot\data\trades\SOL_USDT_SWAP\2026-07-11.parquet (total 749)
22:06:50 INFO Periodic flush: 1598 rows
22:07:22 INFO Appended 200 rows -> C:\xampp\htdocs\crypto\microstructure_bot\data\ticker\ETH_USDT_SWAP\2026-07-11.parquet (total 7077)
22:07:22 INFO Appended 207 rows -> C:\xampp\htdocs\crypto\microstructure_bot\data\ticker\BTC_USDT_SWAP\2026-07-11.parquet (total 7028)
22:07:22 INFO Appended 311 rows -> C:\xampp\htdocs\crypto\microstructure_bot\data\orderbook\BTC_USDT_SWAP\2026-07-11.parquet (total 10792)
22:07:22 INFO Appended 320 rows -> C:\xampp\htdocs\crypto\microstructure_bot\data\orderbook\ETH_USDT_SWAP\2026-07-11.parquet (total 11100)
22:07:22 INFO Appended 211 rows -> C:\xampp\htdocs\crypto\microstructure_bot\data\ticker\SOL_USDT_SWAP\2026-07-11.parquet (total 6965)
22:07:22 INFO Appended 210 rows -> C:\xampp\htdocs\crypto\microstructure_bot\data\trades\ETH_USDT_SWAP\2026-07-11.parquet (total 5814)
22:07:22 INFO Appended 288 rows -> C:\xampp\htdocs\crypto\microstructure_bot\data\orderbook\SOL_USDT_SWAP\2026-07-11.parquet (total 9615)
22:07:22 INFO Appended 30 rows -> C:\xampp\htdocs\crypto\microstructure_bot\data\trades\SOL_USDT_SWAP\2026-07-11.parquet (total 779)
22:07:22 INFO Appended 146 rows -> C:\xampp\htdocs\crypto\microstructure_bot\data\trades\BTC_USDT_SWAP\2026-07-11.parquet (total 3234)
22:07:22 INFO Periodic flush: 1923 rows
22:07:53 INFO Appended 286 rows -> C:\xampp\htdocs\crypto\microstructure_bot\data\orderbook\SOL_USDT_SWAP\2026-07-11.parquet (total 9901)
22:07:53 INFO Appended 310 rows -> C:\xampp\htdocs\crypto\microstructure_bot\data\orderbook\ETH_USDT_SWAP\2026-07-11.parquet (total 11410)
22:07:53 INFO Appended 191 rows -> C:\xampp\htdocs\crypto\microstructure_bot\data\ticker\SOL_USDT_SWAP\2026-07-11.parquet (total 7156)
22:07:53 INFO Appended 188 rows -> C:\xampp\htdocs\crypto\microstructure_bot\data\ticker\ETH_USDT_SWAP\2026-07-11.parquet (total 7265)
22:07:53 INFO Appended 195 rows -> C:\xampp\htdocs\crypto\microstructure_bot\data\ticker\BTC_USDT_SWAP\2026-07-11.parquet (total 7223)
22:07:53 INFO Appended 302 rows -> C:\xampp\htdocs\crypto\microstructure_bot\data\orderbook\BTC_USDT_SWAP\2026-07-11.parquet (total 11094)
22:07:53 INFO Appended 130 rows -> C:\xampp\htdocs\crypto\microstructure_bot\data\trades\BTC_USDT_SWAP\2026-07-11.parquet (total 3364)
22:07:53 INFO Appended 229 rows -> C:\xampp\htdocs\crypto\microstructure_bot\data\trades\ETH_USDT_SWAP\2026-07-11.parquet (total 6043)
22:07:53 INFO Appended 33 rows -> C:\xampp\htdocs\crypto\microstructure_bot\data\trades\SOL_USDT_SWAP\2026-07-11.parquet (total 812)
22:07:53 INFO Periodic flush: 1864 rows
22:08:25 INFO Appended 26 rows -> C:\xampp\htdocs\crypto\microstructure_bot\data\trades\SOL_USDT_SWAP\2026-07-11.parquet (total 838)
22:08:25 INFO Appended 198 rows -> C:\xampp\htdocs\crypto\microstructure_bot\data\ticker\BTC_USDT_SWAP\2026-07-11.parquet (total 7421)
22:08:25 INFO Appended 308 rows -> C:\xampp\htdocs\crypto\microstructure_bot\data\orderbook\BTC_USDT_SWAP\2026-07-11.parquet (total 11402)
22:08:25 INFO Appended 276 rows -> C:\xampp\htdocs\crypto\microstructure_bot\data\orderbook\SOL_USDT_SWAP\2026-07-11.parquet (total 10177)
22:08:25 INFO Appended 205 rows -> C:\xampp\htdocs\crypto\microstructure_bot\data\ticker\SOL_USDT_SWAP\2026-07-11.parquet (total 7361)
22:08:25 INFO Appended 201 rows -> C:\xampp\htdocs\crypto\microstructure_bot\data\ticker\ETH_USDT_SWAP\2026-07-11.parquet (total 7466)
22:08:25 INFO Appended 312 rows -> C:\xampp\htdocs\crypto\microstructure_bot\data\orderbook\ETH_USDT_SWAP\2026-07-11.parquet (total 11722)
22:08:25 INFO Appended 216 rows -> C:\xampp\htdocs\crypto\microstructure_bot\data\trades\ETH_USDT_SWAP\2026-07-11.parquet (total 6259)
22:08:25 INFO Appended 174 rows -> C:\xampp\htdocs\crypto\microstructure_bot\data\trades\BTC_USDT_SWAP\2026-07-11.parquet (total 3538)
22:08:25 INFO Periodic flush: 1916 rows
22:08:56 INFO Appended 304 rows -> C:\xampp\htdocs\crypto\microstructure_bot\data\orderbook\BTC_USDT_SWAP\2026-07-11.parquet (total 11706)
22:08:56 INFO Appended 268 rows -> C:\xampp\htdocs\crypto\microstructure_bot\data\orderbook\SOL_USDT_SWAP\2026-07-11.parquet (total 10445)
22:08:57 INFO Appended 313 rows -> C:\xampp\htdocs\crypto\microstructure_bot\data\orderbook\ETH_USDT_SWAP\2026-07-11.parquet (total 12035)
22:08:57 INFO Appended 114 rows -> C:\xampp\htdocs\crypto\microstructure_bot\data\trades\ETH_USDT_SWAP\2026-07-11.parquet (total 6373)
22:08:57 INFO Appended 196 rows -> C:\xampp\htdocs\crypto\microstructure_bot\data\ticker\BTC_USDT_SWAP\2026-07-11.parquet (total 7617)
22:08:57 INFO Appended 200 rows -> C:\xampp\htdocs\crypto\microstructure_bot\data\ticker\SOL_USDT_SWAP\2026-07-11.parquet (total 7561)
22:08:57 INFO Appended 205 rows -> C:\xampp\htdocs\crypto\microstructure_bot\data\ticker\ETH_USDT_SWAP\2026-07-11.parquet (total 7671)
22:08:57 INFO Appended 60 rows -> C:\xampp\htdocs\crypto\microstructure_bot\data\trades\BTC_USDT_SWAP\2026-07-11.parquet (total 3598)
22:08:57 INFO Appended 19 rows -> C:\xampp\htdocs\crypto\microstructure_bot\data\trades\SOL_USDT_SWAP\2026-07-11.parquet (total 857)
22:08:57 INFO Periodic flush: 1679 rows
22:09:28 INFO Appended 310 rows -> C:\xampp\htdocs\crypto\microstructure_bot\data\orderbook\BTC_USDT_SWAP\2026-07-11.parquet (total 12016)
22:09:28 INFO Appended 272 rows -> C:\xampp\htdocs\crypto\microstructure_bot\data\orderbook\SOL_USDT_SWAP\2026-07-11.parquet (total 10717)
22:09:28 INFO Appended 312 rows -> C:\xampp\htdocs\crypto\microstructure_bot\data\orderbook\ETH_USDT_SWAP\2026-07-11.parquet (total 12347)
22:09:28 INFO Appended 196 rows -> C:\xampp\htdocs\crypto\microstructure_bot\data\ticker\SOL_USDT_SWAP\2026-07-11.parquet (total 7757)
22:09:28 INFO Appended 202 rows -> C:\xampp\htdocs\crypto\microstructure_bot\data\ticker\BTC_USDT_SWAP\2026-07-11.parquet (total 7819)
22:09:28 INFO Appended 203 rows -> C:\xampp\htdocs\crypto\microstructure_bot\data\ticker\ETH_USDT_SWAP\2026-07-11.parquet (total 7874)
22:09:28 INFO Appended 25 rows -> C:\xampp\htdocs\crypto\microstructure_bot\data\trades\SOL_USDT_SWAP\2026-07-11.parquet (total 882)
22:09:28 INFO Appended 77 rows -> C:\xampp\htdocs\crypto\microstructure_bot\data\trades\ETH_USDT_SWAP\2026-07-11.parquet (total 6450)
22:09:28 INFO Appended 44 rows -> C:\xampp\htdocs\crypto\microstructure_bot\data\trades\BTC_USDT_SWAP\2026-07-11.parquet (total 3642)
22:09:28 INFO Periodic flush: 1641 rows
22:09:59 INFO Appended 310 rows -> C:\xampp\htdocs\crypto\microstructure_bot\data\orderbook\ETH_USDT_SWAP\2026-07-11.parquet (total 12657)
22:09:59 INFO Appended 194 rows -> C:\xampp\htdocs\crypto\microstructure_bot\data\ticker\BTC_USDT_SWAP\2026-07-11.parquet (total 8013)
22:10:00 INFO Appended 309 rows -> C:\xampp\htdocs\crypto\microstructure_bot\data\orderbook\BTC_USDT_SWAP\2026-07-11.parquet (total 12325)
22:10:00 INFO Appended 201 rows -> C:\xampp\htdocs\crypto\microstructure_bot\data\ticker\ETH_USDT_SWAP\2026-07-11.parquet (total 8075)
22:10:00 INFO Appended 197 rows -> C:\xampp\htdocs\crypto\microstructure_bot\data\ticker\SOL_USDT_SWAP\2026-07-11.parquet (total 7954)
22:10:00 INFO Appended 287 rows -> C:\xampp\htdocs\crypto\microstructure_bot\data\orderbook\SOL_USDT_SWAP\2026-07-11.parquet (total 11004)
22:10:00 INFO Appended 21 rows -> C:\xampp\htdocs\crypto\microstructure_bot\data\trades\SOL_USDT_SWAP\2026-07-11.parquet (total 903)
22:10:00 INFO Appended 250 rows -> C:\xampp\htdocs\crypto\microstructure_bot\data\trades\ETH_USDT_SWAP\2026-07-11.parquet (total 6700)
22:10:00 INFO Appended 141 rows -> C:\xampp\htdocs\crypto\microstructure_bot\data\trades\BTC_USDT_SWAP\2026-07-11.parquet (total 3783)
22:10:00 INFO Periodic flush: 1910 rows
22:10:31 INFO Appended 302 rows -> C:\xampp\htdocs\crypto\microstructure_bot\data\orderbook\BTC_USDT_SWAP\2026-07-11.parquet (total 12627)
22:10:31 INFO Appended 274 rows -> C:\xampp\htdocs\crypto\microstructure_bot\data\orderbook\SOL_USDT_SWAP\2026-07-11.parquet (total 11278)
22:10:31 INFO Appended 309 rows -> C:\xampp\htdocs\crypto\microstructure_bot\data\orderbook\ETH_USDT_SWAP\2026-07-11.parquet (total 12966)
22:10:31 INFO Appended 194 rows -> C:\xampp\htdocs\crypto\microstructure_bot\data\ticker\BTC_USDT_SWAP\2026-07-11.parquet (total 8207)
22:10:31 INFO Appended 201 rows -> C:\xampp\htdocs\crypto\microstructure_bot\data\ticker\SOL_USDT_SWAP\2026-07-11.parquet (total 8155)
22:10:31 INFO Appended 198 rows -> C:\xampp\htdocs\crypto\microstructure_bot\data\ticker\ETH_USDT_SWAP\2026-07-11.parquet (total 8273)
22:10:31 INFO Appended 218 rows -> C:\xampp\htdocs\crypto\microstructure_bot\data\trades\ETH_USDT_SWAP\2026-07-11.parquet (total 6918)
22:10:31 INFO Appended 107 rows -> C:\xampp\htdocs\crypto\microstructure_bot\data\trades\BTC_USDT_SWAP\2026-07-11.parquet (total 3890)
22:10:31 INFO Appended 34 rows -> C:\xampp\htdocs\crypto\microstructure_bot\data\trades\SOL_USDT_SWAP\2026-07-11.parquet (total 937)
22:10:31 INFO Periodic flush: 1837 rows
22:11:02 INFO Appended 310 rows -> C:\xampp\htdocs\crypto\microstructure_bot\data\orderbook\BTC_USDT_SWAP\2026-07-11.parquet (total 12937)
22:11:02 INFO Appended 286 rows -> C:\xampp\htdocs\crypto\microstructure_bot\data\orderbook\SOL_USDT_SWAP\2026-07-11.parquet (total 11564)
22:11:02 INFO Appended 311 rows -> C:\xampp\htdocs\crypto\microstructure_bot\data\orderbook\ETH_USDT_SWAP\2026-07-11.parquet (total 13277)
22:11:02 INFO Appended 194 rows -> C:\xampp\htdocs\crypto\microstructure_bot\data\ticker\SOL_USDT_SWAP\2026-07-11.parquet (total 8349)
22:11:02 INFO Appended 197 rows -> C:\xampp\htdocs\crypto\microstructure_bot\data\ticker\ETH_USDT_SWAP\2026-07-11.parquet (total 8470)
22:11:02 INFO Appended 36 rows -> C:\xampp\htdocs\crypto\microstructure_bot\data\trades\SOL_USDT_SWAP\2026-07-11.parquet (total 973)
22:11:02 INFO Appended 198 rows -> C:\xampp\htdocs\crypto\microstructure_bot\data\ticker\BTC_USDT_SWAP\2026-07-11.parquet (total 8405)
22:11:02 INFO Appended 180 rows -> C:\xampp\htdocs\crypto\microstructure_bot\data\trades\ETH_USDT_SWAP\2026-07-11.parquet (total 7098)
22:11:02 INFO Appended 192 rows -> C:\xampp\htdocs\crypto\microstructure_bot\data\trades\BTC_USDT_SWAP\2026-07-11.parquet (total 4082)
22:11:02 INFO Periodic flush: 1904 rows
22:11:33 INFO Appended 194 rows -> C:\xampp\htdocs\crypto\microstructure_bot\data\ticker\BTC_USDT_SWAP\2026-07-11.parquet (total 8599)
22:11:33 INFO Appended 305 rows -> C:\xampp\htdocs\crypto\microstructure_bot\data\orderbook\BTC_USDT_SWAP\2026-07-11.parquet (total 13242)
22:11:33 INFO Appended 259 rows -> C:\xampp\htdocs\crypto\microstructure_bot\data\orderbook\SOL_USDT_SWAP\2026-07-11.parquet (total 11823)
22:11:33 INFO Appended 308 rows -> C:\xampp\htdocs\crypto\microstructure_bot\data\orderbook\ETH_USDT_SWAP\2026-07-11.parquet (total 13585)
22:11:33 INFO Appended 200 rows -> C:\xampp\htdocs\crypto\microstructure_bot\data\ticker\ETH_USDT_SWAP\2026-07-11.parquet (total 8670)
22:11:33 INFO Appended 195 rows -> C:\xampp\htdocs\crypto\microstructure_bot\data\ticker\SOL_USDT_SWAP\2026-07-11.parquet (total 8544)
22:11:34 INFO Appended 27 rows -> C:\xampp\htdocs\crypto\microstructure_bot\data\trades\SOL_USDT_SWAP\2026-07-11.parquet (total 1000)
22:11:34 INFO Appended 136 rows -> C:\xampp\htdocs\crypto\microstructure_bot\data\trades\ETH_USDT_SWAP\2026-07-11.parquet (total 7234)
22:11:34 INFO Appended 80 rows -> C:\xampp\htdocs\crypto\microstructure_bot\data\trades\BTC_USDT_SWAP\2026-07-11.parquet (total 4162)
22:11:34 INFO Periodic flush: 1704 rows
22:12:05 INFO Appended 306 rows -> C:\xampp\htdocs\crypto\microstructure_bot\data\orderbook\ETH_USDT_SWAP\2026-07-11.parquet (total 13891)
22:12:05 INFO Appended 240 rows -> C:\xampp\htdocs\crypto\microstructure_bot\data\orderbook\SOL_USDT_SWAP\2026-07-11.parquet (total 12063)
22:12:05 INFO Appended 300 rows -> C:\xampp\htdocs\crypto\microstructure_bot\data\orderbook\BTC_USDT_SWAP\2026-07-11.parquet (total 13542)
22:12:05 INFO Appended 29 rows -> C:\xampp\htdocs\crypto\microstructure_bot\data\trades\BTC_USDT_SWAP\2026-07-11.parquet (total 4191)
22:12:05 INFO Appended 197 rows -> C:\xampp\htdocs\crypto\microstructure_bot\data\ticker\BTC_USDT_SWAP\2026-07-11.parquet (total 8796)
22:12:05 INFO Appended 200 rows -> C:\xampp\htdocs\crypto\microstructure_bot\data\ticker\SOL_USDT_SWAP\2026-07-11.parquet (total 8744)
22:12:05 INFO Appended 200 rows -> C:\xampp\htdocs\crypto\microstructure_bot\data\ticker\ETH_USDT_SWAP\2026-07-11.parquet (total 8870)
22:12:05 INFO Appended 91 rows -> C:\xampp\htdocs\crypto\microstructure_bot\data\trades\ETH_USDT_SWAP\2026-07-11.parquet (total 7325)
22:12:05 INFO Appended 28 rows -> C:\xampp\htdocs\crypto\microstructure_bot\data\trades\SOL_USDT_SWAP\2026-07-11.parquet (total 1028)
22:12:05 INFO Periodic flush: 1591 rows
22:12:36 INFO Appended 199 rows -> C:\xampp\htdocs\crypto\microstructure_bot\data\ticker\ETH_USDT_SWAP\2026-07-11.parquet (total 9069)
22:12:36 INFO Appended 200 rows -> C:\xampp\htdocs\crypto\microstructure_bot\data\ticker\BTC_USDT_SWAP\2026-07-11.parquet (total 8996)
22:12:36 INFO Appended 200 rows -> C:\xampp\htdocs\crypto\microstructure_bot\data\ticker\SOL_USDT_SWAP\2026-07-11.parquet (total 8944)
22:12:36 INFO Appended 302 rows -> C:\xampp\htdocs\crypto\microstructure_bot\data\orderbook\ETH_USDT_SWAP\2026-07-11.parquet (total 14193)
22:12:36 INFO Appended 299 rows -> C:\xampp\htdocs\crypto\microstructure_bot\data\orderbook\BTC_USDT_SWAP\2026-07-11.parquet (total 13841)
22:12:36 INFO Appended 252 rows -> C:\xampp\htdocs\crypto\microstructure_bot\data\orderbook\SOL_USDT_SWAP\2026-07-11.parquet (total 12315)
22:12:36 INFO Appended 18 rows -> C:\xampp\htdocs\crypto\microstructure_bot\data\trades\SOL_USDT_SWAP\2026-07-11.parquet (total 1046)
22:12:36 INFO Appended 73 rows -> C:\xampp\htdocs\crypto\microstructure_bot\data\trades\ETH_USDT_SWAP\2026-07-11.parquet (total 7398)
22:12:36 INFO Appended 22 rows -> C:\xampp\htdocs\crypto\microstructure_bot\data\trades\BTC_USDT_SWAP\2026-07-11.parquet (total 4213)
22:12:36 INFO Periodic flush: 1565 rows
22:13:07 INFO Appended 314 rows -> C:\xampp\htdocs\crypto\microstructure_bot\data\orderbook\ETH_USDT_SWAP\2026-07-11.parquet (total 14507)
22:13:07 INFO Appended 267 rows -> C:\xampp\htdocs\crypto\microstructure_bot\data\orderbook\SOL_USDT_SWAP\2026-07-11.parquet (total 12582)
22:13:08 INFO Appended 310 rows -> C:\xampp\htdocs\crypto\microstructure_bot\data\orderbook\BTC_USDT_SWAP\2026-07-11.parquet (total 14151)
22:13:08 INFO Appended 199 rows -> C:\xampp\htdocs\crypto\microstructure_bot\data\ticker\ETH_USDT_SWAP\2026-07-11.parquet (total 9268)
22:13:08 INFO Appended 197 rows -> C:\xampp\htdocs\crypto\microstructure_bot\data\ticker\BTC_USDT_SWAP\2026-07-11.parquet (total 9193)
22:13:08 INFO Appended 196 rows -> C:\xampp\htdocs\crypto\microstructure_bot\data\ticker\SOL_USDT_SWAP\2026-07-11.parquet (total 9140)
22:13:08 INFO Appended 253 rows -> C:\xampp\htdocs\crypto\microstructure_bot\data\trades\BTC_USDT_SWAP\2026-07-11.parquet (total 4466)
22:13:08 INFO Appended 529 rows -> C:\xampp\htdocs\crypto\microstructure_bot\data\trades\ETH_USDT_SWAP\2026-07-11.parquet (total 7927)
22:13:08 INFO Appended 36 rows -> C:\xampp\htdocs\crypto\microstructure_bot\data\trades\SOL_USDT_SWAP\2026-07-11.parquet (total 1082)
22:13:08 INFO Periodic flush: 2301 rows
22:13:39 INFO Appended 198 rows -> C:\xampp\htdocs\crypto\microstructure_bot\data\ticker\SOL_USDT_SWAP\2026-07-11.parquet (total 9338)
22:13:39 INFO Appended 136 rows -> C:\xampp\htdocs\crypto\microstructure_bot\data\trades\BTC_USDT_SWAP\2026-07-11.parquet (total 4602)
22:13:39 INFO Appended 313 rows -> C:\xampp\htdocs\crypto\microstructure_bot\data\orderbook\ETH_USDT_SWAP\2026-07-11.parquet (total 14820)
22:13:39 INFO Appended 309 rows -> C:\xampp\htdocs\crypto\microstructure_bot\data\orderbook\BTC_USDT_SWAP\2026-07-11.parquet (total 14460)
22:13:39 INFO Appended 267 rows -> C:\xampp\htdocs\crypto\microstructure_bot\data\orderbook\SOL_USDT_SWAP\2026-07-11.parquet (total 12849)
22:13:39 INFO Appended 200 rows -> C:\xampp\htdocs\crypto\microstructure_bot\data\ticker\BTC_USDT_SWAP\2026-07-11.parquet (total 9393)
22:13:39 INFO Appended 195 rows -> C:\xampp\htdocs\crypto\microstructure_bot\data\ticker\ETH_USDT_SWAP\2026-07-11.parquet (total 9463)
22:13:39 INFO Appended 183 rows -> C:\xampp\htdocs\crypto\microstructure_bot\data\trades\ETH_USDT_SWAP\2026-07-11.parquet (total 8110)
22:13:39 INFO Appended 23 rows -> C:\xampp\htdocs\crypto\microstructure_bot\data\trades\SOL_USDT_SWAP\2026-07-11.parquet (total 1105)
22:13:39 INFO Periodic flush: 1824 rows
22:14:10 INFO Appended 203 rows -> C:\xampp\htdocs\crypto\microstructure_bot\data\ticker\SOL_USDT_SWAP\2026-07-11.parquet (total 9541)
22:14:10 INFO Appended 197 rows -> C:\xampp\htdocs\crypto\microstructure_bot\data\ticker\ETH_USDT_SWAP\2026-07-11.parquet (total 9660)
22:14:10 INFO Appended 312 rows -> C:\xampp\htdocs\crypto\microstructure_bot\data\orderbook\ETH_USDT_SWAP\2026-07-11.parquet (total 15132)
22:14:11 INFO Appended 309 rows -> C:\xampp\htdocs\crypto\microstructure_bot\data\orderbook\BTC_USDT_SWAP\2026-07-11.parquet (total 14769)
22:14:11 INFO Appended 267 rows -> C:\xampp\htdocs\crypto\microstructure_bot\data\orderbook\SOL_USDT_SWAP\2026-07-11.parquet (total 13116)
22:14:11 INFO Appended 203 rows -> C:\xampp\htdocs\crypto\microstructure_bot\data\ticker\BTC_USDT_SWAP\2026-07-11.parquet (total 9596)
22:14:11 INFO Appended 153 rows -> C:\xampp\htdocs\crypto\microstructure_bot\data\trades\ETH_USDT_SWAP\2026-07-11.parquet (total 8263)
22:14:11 INFO Appended 139 rows -> C:\xampp\htdocs\crypto\microstructure_bot\data\trades\BTC_USDT_SWAP\2026-07-11.parquet (total 4741)
22:14:11 INFO Appended 34 rows -> C:\xampp\htdocs\crypto\microstructure_bot\data\trades\SOL_USDT_SWAP\2026-07-11.parquet (total 1139)
22:14:11 INFO Periodic flush: 1817 rows
22:14:42 INFO Appended 313 rows -> C:\xampp\htdocs\crypto\microstructure_bot\data\orderbook\ETH_USDT_SWAP\2026-07-11.parquet (total 15445)
22:14:42 INFO Appended 309 rows -> C:\xampp\htdocs\crypto\microstructure_bot\data\orderbook\BTC_USDT_SWAP\2026-07-11.parquet (total 15078)
22:14:42 INFO Appended 286 rows -> C:\xampp\htdocs\crypto\microstructure_bot\data\orderbook\SOL_USDT_SWAP\2026-07-11.parquet (total 13402)
22:14:42 INFO Appended 203 rows -> C:\xampp\htdocs\crypto\microstructure_bot\data\ticker\BTC_USDT_SWAP\2026-07-11.parquet (total 9799)
22:14:43 INFO Appended 208 rows -> C:\xampp\htdocs\crypto\microstructure_bot\data\ticker\SOL_USDT_SWAP\2026-07-11.parquet (total 9749)
22:14:43 INFO Appended 206 rows -> C:\xampp\htdocs\crypto\microstructure_bot\data\ticker\ETH_USDT_SWAP\2026-07-11.parquet (total 9866)
22:14:43 INFO Appended 65 rows -> C:\xampp\htdocs\crypto\microstructure_bot\data\trades\BTC_USDT_SWAP\2026-07-11.parquet (total 4806)
22:14:43 INFO Appended 19 rows -> C:\xampp\htdocs\crypto\microstructure_bot\data\trades\SOL_USDT_SWAP\2026-07-11.parquet (total 1158)
22:14:43 INFO Appended 126 rows -> C:\xampp\htdocs\crypto\microstructure_bot\data\trades\ETH_USDT_SWAP\2026-07-11.parquet (total 8389)
22:14:43 INFO Periodic flush: 1735 rows
22:15:14 INFO Appended 205 rows -> C:\xampp\htdocs\crypto\microstructure_bot\data\ticker\ETH_USDT_SWAP\2026-07-11.parquet (total 10071)
22:15:14 INFO Appended 314 rows -> C:\xampp\htdocs\crypto\microstructure_bot\data\orderbook\ETH_USDT_SWAP\2026-07-11.parquet (total 15759)
22:15:14 INFO Appended 315 rows -> C:\xampp\htdocs\crypto\microstructure_bot\data\orderbook\BTC_USDT_SWAP\2026-07-11.parquet (total 15393)
22:15:14 INFO Appended 287 rows -> C:\xampp\htdocs\crypto\microstructure_bot\data\orderbook\SOL_USDT_SWAP\2026-07-11.parquet (total 13689)
22:15:15 INFO Appended 197 rows -> C:\xampp\htdocs\crypto\microstructure_bot\data\trades\ETH_USDT_SWAP\2026-07-11.parquet (total 8586)
22:15:15 INFO Appended 32 rows -> C:\xampp\htdocs\crypto\microstructure_bot\data\trades\SOL_USDT_SWAP\2026-07-11.parquet (total 1190)
22:15:15 INFO Appended 199 rows -> C:\xampp\htdocs\crypto\microstructure_bot\data\ticker\BTC_USDT_SWAP\2026-07-11.parquet (total 9998)
22:15:15 INFO Appended 200 rows -> C:\xampp\htdocs\crypto\microstructure_bot\data\ticker\SOL_USDT_SWAP\2026-07-11.parquet (total 9949)
22:15:15 INFO Appended 283 rows -> C:\xampp\htdocs\crypto\microstructure_bot\data\trades\BTC_USDT_SWAP\2026-07-11.parquet (total 5089)
22:15:15 INFO Periodic flush: 2032 rows
22:15:47 INFO Appended 207 rows -> C:\xampp\htdocs\crypto\microstructure_bot\data\ticker\SOL_USDT_SWAP\2026-07-11.parquet (total 10156)
22:15:47 INFO Appended 203 rows -> C:\xampp\htdocs\crypto\microstructure_bot\data\ticker\BTC_USDT_SWAP\2026-07-11.parquet (total 10201)
22:15:47 INFO Appended 212 rows -> C:\xampp\htdocs\crypto\microstructure_bot\data\ticker\ETH_USDT_SWAP\2026-07-11.parquet (total 10283)
22:15:47 INFO Appended 318 rows -> C:\xampp\htdocs\crypto\microstructure_bot\data\orderbook\ETH_USDT_SWAP\2026-07-11.parquet (total 16077)
22:15:47 INFO Appended 314 rows -> C:\xampp\htdocs\crypto\microstructure_bot\data\orderbook\BTC_USDT_SWAP\2026-07-11.parquet (total 15707)
22:15:47 INFO Appended 254 rows -> C:\xampp\htdocs\crypto\microstructure_bot\data\orderbook\SOL_USDT_SWAP\2026-07-11.parquet (total 13943)
22:15:47 INFO Appended 77 rows -> C:\xampp\htdocs\crypto\microstructure_bot\data\trades\ETH_USDT_SWAP\2026-07-11.parquet (total 8663)
22:15:47 INFO Appended 19 rows -> C:\xampp\htdocs\crypto\microstructure_bot\data\trades\SOL_USDT_SWAP\2026-07-11.parquet (total 1209)
22:15:47 INFO Appended 26 rows -> C:\xampp\htdocs\crypto\microstructure_bot\data\trades\BTC_USDT_SWAP\2026-07-11.parquet (total 5115)
22:15:47 INFO Periodic flush: 1630 rows
22:16:18 INFO Appended 207 rows -> C:\xampp\htdocs\crypto\microstructure_bot\data\ticker\SOL_USDT_SWAP\2026-07-11.parquet (total 10363)
22:16:18 INFO Appended 204 rows -> C:\xampp\htdocs\crypto\microstructure_bot\data\ticker\ETH_USDT_SWAP\2026-07-11.parquet (total 10487)
22:16:18 INFO Appended 312 rows -> C:\xampp\htdocs\crypto\microstructure_bot\data\orderbook\ETH_USDT_SWAP\2026-07-11.parquet (total 16389)
22:16:18 INFO Appended 249 rows -> C:\xampp\htdocs\crypto\microstructure_bot\data\orderbook\SOL_USDT_SWAP\2026-07-11.parquet (total 14192)
22:16:18 INFO Appended 306 rows -> C:\xampp\htdocs\crypto\microstructure_bot\data\orderbook\BTC_USDT_SWAP\2026-07-11.parquet (total 16013)
22:16:18 INFO Appended 200 rows -> C:\xampp\htdocs\crypto\microstructure_bot\data\ticker\BTC_USDT_SWAP\2026-07-11.parquet (total 10401)
22:16:18 INFO Appended 38 rows -> C:\xampp\htdocs\crypto\microstructure_bot\data\trades\BTC_USDT_SWAP\2026-07-11.parquet (total 5153)
22:16:18 INFO Appended 73 rows -> C:\xampp\htdocs\crypto\microstructure_bot\data\trades\ETH_USDT_SWAP\2026-07-11.parquet (total 8736)
22:16:18 INFO Appended 16 rows -> C:\xampp\htdocs\crypto\microstructure_bot\data\trades\SOL_USDT_SWAP\2026-07-11.parquet (total 1225)
22:16:18 INFO Periodic flush: 1605 rows
22:16:50 INFO Appended 200 rows -> C:\xampp\htdocs\crypto\microstructure_bot\data\ticker\BTC_USDT_SWAP\2026-07-11.parquet (total 10601)
22:16:50 INFO Appended 314 rows -> C:\xampp\htdocs\crypto\microstructure_bot\data\orderbook\ETH_USDT_SWAP\2026-07-11.parquet (total 16703)
22:16:50 INFO Appended 282 rows -> C:\xampp\htdocs\crypto\microstructure_bot\data\orderbook\SOL_USDT_SWAP\2026-07-11.parquet (total 14474)
22:16:50 INFO Appended 309 rows -> C:\xampp\htdocs\crypto\microstructure_bot\data\orderbook\BTC_USDT_SWAP\2026-07-11.parquet (total 16322)
22:16:50 INFO Appended 207 rows -> C:\xampp\htdocs\crypto\microstructure_bot\data\ticker\SOL_USDT_SWAP\2026-07-11.parquet (total 10570)
22:16:50 INFO Appended 200 rows -> C:\xampp\htdocs\crypto\microstructure_bot\data\ticker\ETH_USDT_SWAP\2026-07-11.parquet (total 10687)
22:16:50 INFO Appended 18 rows -> C:\xampp\htdocs\crypto\microstructure_bot\data\trades\BTC_USDT_SWAP\2026-07-11.parquet (total 5171)
22:16:50 INFO Appended 72 rows -> C:\xampp\htdocs\crypto\microstructure_bot\data\trades\ETH_USDT_SWAP\2026-07-11.parquet (total 8808)
22:16:50 INFO Appended 24 rows -> C:\xampp\htdocs\crypto\microstructure_bot\data\trades\SOL_USDT_SWAP\2026-07-11.parquet (total 1249)
22:16:50 INFO Periodic flush: 1626 rows
22:17:23 INFO Appended 210 rows -> C:\xampp\htdocs\crypto\microstructure_bot\data\ticker\BTC_USDT_SWAP\2026-07-11.parquet (total 10811)
22:17:23 INFO Appended 213 rows -> C:\xampp\htdocs\crypto\microstructure_bot\data\ticker\SOL_USDT_SWAP\2026-07-11.parquet (total 10783)
22:17:23 INFO Appended 323 rows -> C:\xampp\htdocs\crypto\microstructure_bot\data\orderbook\ETH_USDT_SWAP\2026-07-11.parquet (total 17026)
22:17:23 INFO Appended 325 rows -> C:\xampp\htdocs\crypto\microstructure_bot\data\orderbook\BTC_USDT_SWAP\2026-07-11.parquet (total 16647)
22:17:23 INFO Appended 301 rows -> C:\xampp\htdocs\crypto\microstructure_bot\data\orderbook\SOL_USDT_SWAP\2026-07-11.parquet (total 14775)
22:17:23 INFO Appended 210 rows -> C:\xampp\htdocs\crypto\microstructure_bot\data\ticker\ETH_USDT_SWAP\2026-07-11.parquet (total 10897)
22:17:23 INFO Appended 196 rows -> C:\xampp\htdocs\crypto\microstructure_bot\data\trades\ETH_USDT_SWAP\2026-07-11.parquet (total 9004)
22:17:23 INFO Appended 30 rows -> C:\xampp\htdocs\crypto\microstructure_bot\data\trades\SOL_USDT_SWAP\2026-07-11.parquet (total 1279)
22:17:23 INFO Appended 122 rows -> C:\xampp\htdocs\crypto\microstructure_bot\data\trades\BTC_USDT_SWAP\2026-07-11.parquet (total 5293)
22:17:23 INFO Periodic flush: 1930 rows
22:17:55 INFO Appended 315 rows -> C:\xampp\htdocs\crypto\microstructure_bot\data\orderbook\ETH_USDT_SWAP\2026-07-11.parquet (total 17341)
22:17:55 INFO Appended 313 rows -> C:\xampp\htdocs\crypto\microstructure_bot\data\orderbook\BTC_USDT_SWAP\2026-07-11.parquet (total 16960)
22:17:55 INFO Appended 203 rows -> C:\xampp\htdocs\crypto\microstructure_bot\data\ticker\BTC_USDT_SWAP\2026-07-11.parquet (total 11014)
22:17:55 INFO Appended 198 rows -> C:\xampp\htdocs\crypto\microstructure_bot\data\ticker\SOL_USDT_SWAP\2026-07-11.parquet (total 10981)
22:17:55 INFO Appended 203 rows -> C:\xampp\htdocs\crypto\microstructure_bot\data\ticker\ETH_USDT_SWAP\2026-07-11.parquet (total 11100)
22:17:55 INFO Appended 285 rows -> C:\xampp\htdocs\crypto\microstructure_bot\data\orderbook\SOL_USDT_SWAP\2026-07-11.parquet (total 15060)
22:17:55 INFO Appended 61 rows -> C:\xampp\htdocs\crypto\microstructure_bot\data\trades\BTC_USDT_SWAP\2026-07-11.parquet (total 5354)
22:17:55 INFO Appended 140 rows -> C:\xampp\htdocs\crypto\microstructure_bot\data\trades\ETH_USDT_SWAP\2026-07-11.parquet (total 9144)
22:17:55 INFO Appended 26 rows -> C:\xampp\htdocs\crypto\microstructure_bot\data\trades\SOL_USDT_SWAP\2026-07-11.parquet (total 1305)
22:17:55 INFO Periodic flush: 1744 rows
22:18:27 INFO Appended 203 rows -> C:\xampp\htdocs\crypto\microstructure_bot\data\ticker\SOL_USDT_SWAP\2026-07-11.parquet (total 11184)
22:18:27 INFO Appended 317 rows -> C:\xampp\htdocs\crypto\microstructure_bot\data\orderbook\ETH_USDT_SWAP\2026-07-11.parquet (total 17658)
22:18:27 INFO Appended 301 rows -> C:\xampp\htdocs\crypto\microstructure_bot\data\orderbook\BTC_USDT_SWAP\2026-07-11.parquet (total 17261)
22:18:27 INFO Appended 270 rows -> C:\xampp\htdocs\crypto\microstructure_bot\data\orderbook\SOL_USDT_SWAP\2026-07-11.parquet (total 15330)
22:18:27 INFO Appended 196 rows -> C:\xampp\htdocs\crypto\microstructure_bot\data\ticker\BTC_USDT_SWAP\2026-07-11.parquet (total 11210)
22:18:27 INFO Appended 210 rows -> C:\xampp\htdocs\crypto\microstructure_bot\data\ticker\ETH_USDT_SWAP\2026-07-11.parquet (total 11310)
22:18:27 INFO Appended 38 rows -> C:\xampp\htdocs\crypto\microstructure_bot\data\trades\BTC_USDT_SWAP\2026-07-11.parquet (total 5392)
22:18:27 INFO Appended 92 rows -> C:\xampp\htdocs\crypto\microstructure_bot\data\trades\ETH_USDT_SWAP\2026-07-11.parquet (total 9236)
22:18:27 INFO Appended 23 rows -> C:\xampp\htdocs\crypto\microstructure_bot\data\trades\SOL_USDT_SWAP\2026-07-11.parquet (total 1328)
22:18:27 INFO Periodic flush: 1650 rows
22:18:59 INFO Appended 203 rows -> C:\xampp\htdocs\crypto\microstructure_bot\data\ticker\SOL_USDT_SWAP\2026-07-11.parquet (total 11387)
22:18:59 INFO Appended 205 rows -> C:\xampp\htdocs\crypto\microstructure_bot\data\ticker\BTC_USDT_SWAP\2026-07-11.parquet (total 11415)
22:18:59 INFO Appended 315 rows -> C:\xampp\htdocs\crypto\microstructure_bot\data\orderbook\ETH_USDT_SWAP\2026-07-11.parquet (total 17973)
22:18:59 INFO Appended 295 rows -> C:\xampp\htdocs\crypto\microstructure_bot\data\orderbook\BTC_USDT_SWAP\2026-07-11.parquet (total 17556)
22:18:59 INFO Appended 205 rows -> C:\xampp\htdocs\crypto\microstructure_bot\data\ticker\ETH_USDT_SWAP\2026-07-11.parquet (total 11515)
22:18:59 INFO Appended 295 rows -> C:\xampp\htdocs\crypto\microstructure_bot\data\orderbook\SOL_USDT_SWAP\2026-07-11.parquet (total 15625)
22:18:59 INFO Appended 90 rows -> C:\xampp\htdocs\crypto\microstructure_bot\data\trades\ETH_USDT_SWAP\2026-07-11.parquet (total 9326)
22:18:59 INFO Appended 25 rows -> C:\xampp\htdocs\crypto\microstructure_bot\data\trades\BTC_USDT_SWAP\2026-07-11.parquet (total 5417)
22:18:59 INFO Appended 25 rows -> C:\xampp\htdocs\crypto\microstructure_bot\data\trades\SOL_USDT_SWAP\2026-07-11.parquet (total 1353)
22:18:59 INFO Periodic flush: 1658 rows
22:19:31 INFO Appended 293 rows -> C:\xampp\htdocs\crypto\microstructure_bot\data\orderbook\BTC_USDT_SWAP\2026-07-11.parquet (total 17849)
22:19:31 INFO Appended 292 rows -> C:\xampp\htdocs\crypto\microstructure_bot\data\orderbook\SOL_USDT_SWAP\2026-07-11.parquet (total 15917)
22:19:31 INFO Appended 96 rows -> C:\xampp\htdocs\crypto\microstructure_bot\data\trades\ETH_USDT_SWAP\2026-07-11.parquet (total 9422)
22:19:31 INFO Appended 204 rows -> C:\xampp\htdocs\crypto\microstructure_bot\data\ticker\BTC_USDT_SWAP\2026-07-11.parquet (total 11619)
22:19:31 INFO Appended 202 rows -> C:\xampp\htdocs\crypto\microstructure_bot\data\ticker\SOL_USDT_SWAP\2026-07-11.parquet (total 11589)
22:19:31 INFO Appended 314 rows -> C:\xampp\htdocs\crypto\microstructure_bot\data\orderbook\ETH_USDT_SWAP\2026-07-11.parquet (total 18287)
22:19:31 INFO Appended 200 rows -> C:\xampp\htdocs\crypto\microstructure_bot\data\ticker\ETH_USDT_SWAP\2026-07-11.parquet (total 11715)
22:19:31 INFO Appended 17 rows -> C:\xampp\htdocs\crypto\microstructure_bot\data\trades\BTC_USDT_SWAP\2026-07-11.parquet (total 5434)
22:19:31 INFO Appended 16 rows -> C:\xampp\htdocs\crypto\microstructure_bot\data\trades\SOL_USDT_SWAP\2026-07-11.parquet (total 1369)
22:19:31 INFO Periodic flush: 1634 rows
22:20:03 INFO Appended 210 rows -> C:\xampp\htdocs\crypto\microstructure_bot\data\ticker\SOL_USDT_SWAP\2026-07-11.parquet (total 11799)
22:20:03 INFO Appended 210 rows -> C:\xampp\htdocs\crypto\microstructure_bot\data\ticker\ETH_USDT_SWAP\2026-07-11.parquet (total 11925)
22:20:03 INFO Appended 316 rows -> C:\xampp\htdocs\crypto\microstructure_bot\data\orderbook\ETH_USDT_SWAP\2026-07-11.parquet (total 18603)
22:20:03 INFO Appended 307 rows -> C:\xampp\htdocs\crypto\microstructure_bot\data\orderbook\BTC_USDT_SWAP\2026-07-11.parquet (total 18156)
22:20:03 INFO Appended 204 rows -> C:\xampp\htdocs\crypto\microstructure_bot\data\ticker\BTC_USDT_SWAP\2026-07-11.parquet (total 11823)
22:20:03 INFO Appended 283 rows -> C:\xampp\htdocs\crypto\microstructure_bot\data\orderbook\SOL_USDT_SWAP\2026-07-11.parquet (total 16200)
22:20:03 INFO Appended 167 rows -> C:\xampp\htdocs\crypto\microstructure_bot\data\trades\BTC_USDT_SWAP\2026-07-11.parquet (total 5601)
22:20:03 INFO Appended 148 rows -> C:\xampp\htdocs\crypto\microstructure_bot\data\trades\ETH_USDT_SWAP\2026-07-11.parquet (total 9570)
22:20:03 INFO Appended 30 rows -> C:\xampp\htdocs\crypto\microstructure_bot\data\trades\SOL_USDT_SWAP\2026-07-11.parquet (total 1399)
22:20:03 INFO Periodic flush: 1875 rows
22:20:35 INFO Appended 300 rows -> C:\xampp\htdocs\crypto\microstructure_bot\data\orderbook\BTC_USDT_SWAP\2026-07-11.parquet (total 18456)
22:20:35 INFO Appended 201 rows -> C:\xampp\htdocs\crypto\microstructure_bot\data\ticker\BTC_USDT_SWAP\2026-07-11.parquet (total 12024)
22:20:35 INFO Appended 205 rows -> C:\xampp\htdocs\crypto\microstructure_bot\data\ticker\ETH_USDT_SWAP\2026-07-11.parquet (total 12130)
22:20:35 INFO Appended 202 rows -> C:\xampp\htdocs\crypto\microstructure_bot\data\ticker\SOL_USDT_SWAP\2026-07-11.parquet (total 12001)
22:20:35 INFO Appended 317 rows -> C:\xampp\htdocs\crypto\microstructure_bot\data\orderbook\ETH_USDT_SWAP\2026-07-11.parquet (total 18920)
22:20:36 INFO Appended 294 rows -> C:\xampp\htdocs\crypto\microstructure_bot\data\orderbook\SOL_USDT_SWAP\2026-07-11.parquet (total 16494)
22:20:36 INFO Appended 149 rows -> C:\xampp\htdocs\crypto\microstructure_bot\data\trades\ETH_USDT_SWAP\2026-07-11.parquet (total 9719)
22:20:36 INFO Appended 21 rows -> C:\xampp\htdocs\crypto\microstructure_bot\data\trades\SOL_USDT_SWAP\2026-07-11.parquet (total 1420)
22:20:36 INFO Appended 28 rows -> C:\xampp\htdocs\crypto\microstructure_bot\data\trades\BTC_USDT_SWAP\2026-07-11.parquet (total 5629)
22:20:36 INFO Periodic flush: 1717 rows
22:21:08 INFO Appended 105 rows -> C:\xampp\htdocs\crypto\microstructure_bot\data\trades\ETH_USDT_SWAP\2026-07-11.parquet (total 9824)
22:21:08 INFO Appended 210 rows -> C:\xampp\htdocs\crypto\microstructure_bot\data\ticker\ETH_USDT_SWAP\2026-07-11.parquet (total 12340)
22:21:08 INFO Appended 320 rows -> C:\xampp\htdocs\crypto\microstructure_bot\data\orderbook\ETH_USDT_SWAP\2026-07-11.parquet (total 19240)
22:21:08 INFO Appended 305 rows -> C:\xampp\htdocs\crypto\microstructure_bot\data\orderbook\BTC_USDT_SWAP\2026-07-11.parquet (total 18761)
22:21:08 INFO Appended 275 rows -> C:\xampp\htdocs\crypto\microstructure_bot\data\orderbook\SOL_USDT_SWAP\2026-07-11.parquet (total 16769)
22:21:08 INFO Appended 205 rows -> C:\xampp\htdocs\crypto\microstructure_bot\data\ticker\BTC_USDT_SWAP\2026-07-11.parquet (total 12229)
22:21:08 INFO Appended 206 rows -> C:\xampp\htdocs\crypto\microstructure_bot\data\ticker\SOL_USDT_SWAP\2026-07-11.parquet (total 12207)
22:21:08 INFO Appended 21 rows -> C:\xampp\htdocs\crypto\microstructure_bot\data\trades\SOL_USDT_SWAP\2026-07-11.parquet (total 1441)
22:21:08 INFO Appended 30 rows -> C:\xampp\htdocs\crypto\microstructure_bot\data\trades\BTC_USDT_SWAP\2026-07-11.parquet (total 5659)
22:21:08 INFO Periodic flush: 1677 rows
22:21:40 INFO Appended 316 rows -> C:\xampp\htdocs\crypto\microstructure_bot\data\orderbook\ETH_USDT_SWAP\2026-07-11.parquet (total 19556)
22:21:40 INFO Appended 309 rows -> C:\xampp\htdocs\crypto\microstructure_bot\data\orderbook\BTC_USDT_SWAP\2026-07-11.parquet (total 19070)
22:21:40 INFO Appended 291 rows -> C:\xampp\htdocs\crypto\microstructure_bot\data\orderbook\SOL_USDT_SWAP\2026-07-11.parquet (total 17060)
22:21:40 INFO Appended 199 rows -> C:\xampp\htdocs\crypto\microstructure_bot\data\ticker\BTC_USDT_SWAP\2026-07-11.parquet (total 12428)
22:21:40 INFO Appended 205 rows -> C:\xampp\htdocs\crypto\microstructure_bot\data\ticker\ETH_USDT_SWAP\2026-07-11.parquet (total 12545)
22:21:40 INFO Appended 195 rows -> C:\xampp\htdocs\crypto\microstructure_bot\data\ticker\SOL_USDT_SWAP\2026-07-11.parquet (total 12402)
22:21:40 INFO Appended 117 rows -> C:\xampp\htdocs\crypto\microstructure_bot\data\trades\ETH_USDT_SWAP\2026-07-11.parquet (total 9941)
22:21:40 INFO Appended 25 rows -> C:\xampp\htdocs\crypto\microstructure_bot\data\trades\SOL_USDT_SWAP\2026-07-11.parquet (total 1466)
22:21:40 INFO Appended 166 rows -> C:\xampp\htdocs\crypto\microstructure_bot\data\trades\BTC_USDT_SWAP\2026-07-11.parquet (total 5825)
22:21:40 INFO Periodic flush: 1823 rows
22:22:12 INFO Appended 316 rows -> C:\xampp\htdocs\crypto\microstructure_bot\data\orderbook\ETH_USDT_SWAP\2026-07-11.parquet (total 19872)
22:22:12 INFO Appended 313 rows -> C:\xampp\htdocs\crypto\microstructure_bot\data\orderbook\BTC_USDT_SWAP\2026-07-11.parquet (total 19383)
22:22:12 INFO Appended 299 rows -> C:\xampp\htdocs\crypto\microstructure_bot\data\orderbook\SOL_USDT_SWAP\2026-07-11.parquet (total 17359)
22:22:12 INFO Appended 205 rows -> C:\xampp\htdocs\crypto\microstructure_bot\data\ticker\BTC_USDT_SWAP\2026-07-11.parquet (total 12633)
22:22:12 INFO Appended 204 rows -> C:\xampp\htdocs\crypto\microstructure_bot\data\ticker\SOL_USDT_SWAP\2026-07-11.parquet (total 12606)
22:22:12 INFO Appended 62 rows -> C:\xampp\htdocs\crypto\microstructure_bot\data\trades\BTC_USDT_SWAP\2026-07-11.parquet (total 5887)
22:22:12 INFO Appended 204 rows -> C:\xampp\htdocs\crypto\microstructure_bot\data\ticker\ETH_USDT_SWAP\2026-07-11.parquet (total 12749)
22:22:12 INFO Appended 88 rows -> C:\xampp\htdocs\crypto\microstructure_bot\data\trades\ETH_USDT_SWAP\2026-07-11.parquet (total 10029)
22:22:12 INFO Appended 26 rows -> C:\xampp\htdocs\crypto\microstructure_bot\data\trades\SOL_USDT_SWAP\2026-07-11.parquet (total 1492)
22:22:12 INFO Periodic flush: 1717 rows
22:22:44 INFO Appended 207 rows -> C:\xampp\htdocs\crypto\microstructure_bot\data\ticker\BTC_USDT_SWAP\2026-07-11.parquet (total 12840)
22:22:44 INFO Appended 203 rows -> C:\xampp\htdocs\crypto\microstructure_bot\data\ticker\ETH_USDT_SWAP\2026-07-11.parquet (total 12952)
22:22:44 INFO Appended 213 rows -> C:\xampp\htdocs\crypto\microstructure_bot\data\ticker\SOL_USDT_SWAP\2026-07-11.parquet (total 12819)
22:22:44 INFO Appended 313 rows -> C:\xampp\htdocs\crypto\microstructure_bot\data\orderbook\ETH_USDT_SWAP\2026-07-11.parquet (total 20185)
22:22:44 INFO Appended 304 rows -> C:\xampp\htdocs\crypto\microstructure_bot\data\orderbook\BTC_USDT_SWAP\2026-07-11.parquet (total 19687)
22:22:45 INFO Appended 296 rows -> C:\xampp\htdocs\crypto\microstructure_bot\data\orderbook\SOL_USDT_SWAP\2026-07-11.parquet (total 17655)
22:22:45 INFO Appended 92 rows -> C:\xampp\htdocs\crypto\microstructure_bot\data\trades\ETH_USDT_SWAP\2026-07-11.parquet (total 10121)
22:22:45 INFO Appended 23 rows -> C:\xampp\htdocs\crypto\microstructure_bot\data\trades\SOL_USDT_SWAP\2026-07-11.parquet (total 1515)
22:22:45 INFO Appended 156 rows -> C:\xampp\htdocs\crypto\microstructure_bot\data\trades\BTC_USDT_SWAP\2026-07-11.parquet (total 6043)
22:22:45 INFO Periodic flush: 1807 rows
22:23:17 INFO Appended 316 rows -> C:\xampp\htdocs\crypto\microstructure_bot\data\orderbook\ETH_USDT_SWAP\2026-07-11.parquet (total 20501)
22:23:17 INFO Appended 310 rows -> C:\xampp\htdocs\crypto\microstructure_bot\data\orderbook\BTC_USDT_SWAP\2026-07-11.parquet (total 19997)
22:23:17 INFO Appended 293 rows -> C:\xampp\htdocs\crypto\microstructure_bot\data\orderbook\SOL_USDT_SWAP\2026-07-11.parquet (total 17948)
22:23:17 INFO Appended 203 rows -> C:\xampp\htdocs\crypto\microstructure_bot\data\ticker\ETH_USDT_SWAP\2026-07-11.parquet (total 13155)
22:23:17 INFO Appended 204 rows -> C:\xampp\htdocs\crypto\microstructure_bot\data\ticker\BTC_USDT_SWAP\2026-07-11.parquet (total 13044)
22:23:17 INFO Appended 201 rows -> C:\xampp\htdocs\crypto\microstructure_bot\data\ticker\SOL_USDT_SWAP\2026-07-11.parquet (total 13020)
22:23:17 INFO Appended 25 rows -> C:\xampp\htdocs\crypto\microstructure_bot\data\trades\SOL_USDT_SWAP\2026-07-11.parquet (total 1540)
22:23:17 INFO Appended 164 rows -> C:\xampp\htdocs\crypto\microstructure_bot\data\trades\ETH_USDT_SWAP\2026-07-11.parquet (total 10285)
22:23:17 INFO Appended 76 rows -> C:\xampp\htdocs\crypto\microstructure_bot\data\trades\BTC_USDT_SWAP\2026-07-11.parquet (total 6119)
22:23:17 INFO Periodic flush: 1792 rows
22:23:49 INFO Appended 317 rows -> C:\xampp\htdocs\crypto\microstructure_bot\data\orderbook\ETH_USDT_SWAP\2026-07-11.parquet (total 20818)
22:23:49 INFO Appended 301 rows -> C:\xampp\htdocs\crypto\microstructure_bot\data\orderbook\BTC_USDT_SWAP\2026-07-11.parquet (total 20298)
22:23:49 INFO Appended 280 rows -> C:\xampp\htdocs\crypto\microstructure_bot\data\orderbook\SOL_USDT_SWAP\2026-07-11.parquet (total 18228)
22:23:49 INFO Appended 208 rows -> C:\xampp\htdocs\crypto\microstructure_bot\data\ticker\BTC_USDT_SWAP\2026-07-11.parquet (total 13252)
22:23:49 INFO Appended 211 rows -> C:\xampp\htdocs\crypto\microstructure_bot\data\ticker\ETH_USDT_SWAP\2026-07-11.parquet (total 13366)
22:23:49 INFO Appended 203 rows -> C:\xampp\htdocs\crypto\microstructure_bot\data\ticker\SOL_USDT_SWAP\2026-07-11.parquet (total 13223)
22:23:49 INFO Appended 126 rows -> C:\xampp\htdocs\crypto\microstructure_bot\data\trades\ETH_USDT_SWAP\2026-07-11.parquet (total 10411)
22:23:49 INFO Appended 18 rows -> C:\xampp\htdocs\crypto\microstructure_bot\data\trades\SOL_USDT_SWAP\2026-07-11.parquet (total 1558)
22:23:49 INFO Appended 19 rows -> C:\xampp\htdocs\crypto\microstructure_bot\data\trades\BTC_USDT_SWAP\2026-07-11.parquet (total 6138)
22:23:49 INFO Periodic flush: 1683 rows
22:24:21 INFO Appended 211 rows -> C:\xampp\htdocs\crypto\microstructure_bot\data\ticker\SOL_USDT_SWAP\2026-07-11.parquet (total 13434)
22:24:21 INFO Appended 313 rows -> C:\xampp\htdocs\crypto\microstructure_bot\data\orderbook\ETH_USDT_SWAP\2026-07-11.parquet (total 21131)
22:24:22 INFO Appended 315 rows -> C:\xampp\htdocs\crypto\microstructure_bot\data\orderbook\BTC_USDT_SWAP\2026-07-11.parquet (total 20613)
22:24:22 INFO Appended 282 rows -> C:\xampp\htdocs\crypto\microstructure_bot\data\orderbook\SOL_USDT_SWAP\2026-07-11.parquet (total 18510)
22:24:22 INFO Appended 209 rows -> C:\xampp\htdocs\crypto\microstructure_bot\data\ticker\BTC_USDT_SWAP\2026-07-11.parquet (total 13461)
22:24:22 INFO Appended 210 rows -> C:\xampp\htdocs\crypto\microstructure_bot\data\ticker\ETH_USDT_SWAP\2026-07-11.parquet (total 13576)
22:24:22 INFO Appended 63 rows -> C:\xampp\htdocs\crypto\microstructure_bot\data\trades\ETH_USDT_SWAP\2026-07-11.parquet (total 10474)
22:24:22 INFO Appended 109 rows -> C:\xampp\htdocs\crypto\microstructure_bot\data\trades\BTC_USDT_SWAP\2026-07-11.parquet (total 6247)
22:24:22 INFO Appended 35 rows -> C:\xampp\htdocs\crypto\microstructure_bot\data\trades\SOL_USDT_SWAP\2026-07-11.parquet (total 1593)
22:24:22 INFO Periodic flush: 1747 rows
22:24:54 INFO Appended 204 rows -> C:\xampp\htdocs\crypto\microstructure_bot\data\ticker\SOL_USDT_SWAP\2026-07-11.parquet (total 13638)
22:24:54 INFO Appended 197 rows -> C:\xampp\htdocs\crypto\microstructure_bot\data\ticker\BTC_USDT_SWAP\2026-07-11.parquet (total 13658)
22:24:54 INFO Appended 321 rows -> C:\xampp\htdocs\crypto\microstructure_bot\data\orderbook\ETH_USDT_SWAP\2026-07-11.parquet (total 21452)
22:24:54 INFO Appended 309 rows -> C:\xampp\htdocs\crypto\microstructure_bot\data\orderbook\BTC_USDT_SWAP\2026-07-11.parquet (total 20922)
22:24:54 INFO Appended 274 rows -> C:\xampp\htdocs\crypto\microstructure_bot\data\orderbook\SOL_USDT_SWAP\2026-07-11.parquet (total 18784)
22:24:54 INFO Appended 202 rows -> C:\xampp\htdocs\crypto\microstructure_bot\data\ticker\ETH_USDT_SWAP\2026-07-11.parquet (total 13778)
22:24:54 INFO Appended 98 rows -> C:\xampp\htdocs\crypto\microstructure_bot\data\trades\ETH_USDT_SWAP\2026-07-11.parquet (total 10572)
22:24:54 INFO Appended 34 rows -> C:\xampp\htdocs\crypto\microstructure_bot\data\trades\SOL_USDT_SWAP\2026-07-11.parquet (total 1627)
22:24:54 INFO Appended 22 rows -> C:\xampp\htdocs\crypto\microstructure_bot\data\trades\BTC_USDT_SWAP\2026-07-11.parquet (total 6269)
22:24:54 INFO Periodic flush: 1661 rows
22:25:26 INFO Appended 315 rows -> C:\xampp\htdocs\crypto\microstructure_bot\data\orderbook\ETH_USDT_SWAP\2026-07-11.parquet (total 21767)
22:25:27 INFO Appended 312 rows -> C:\xampp\htdocs\crypto\microstructure_bot\data\orderbook\BTC_USDT_SWAP\2026-07-11.parquet (total 21234)
22:25:27 INFO Appended 280 rows -> C:\xampp\htdocs\crypto\microstructure_bot\data\orderbook\SOL_USDT_SWAP\2026-07-11.parquet (total 19064)
22:25:27 INFO Appended 200 rows -> C:\xampp\htdocs\crypto\microstructure_bot\data\ticker\BTC_USDT_SWAP\2026-07-11.parquet (total 13858)
22:25:27 INFO Appended 204 rows -> C:\xampp\htdocs\crypto\microstructure_bot\data\ticker\SOL_USDT_SWAP\2026-07-11.parquet (total 13842)
22:25:27 INFO Appended 206 rows -> C:\xampp\htdocs\crypto\microstructure_bot\data\ticker\ETH_USDT_SWAP\2026-07-11.parquet (total 13984)
22:25:27 INFO Appended 27 rows -> C:\xampp\htdocs\crypto\microstructure_bot\data\trades\SOL_USDT_SWAP\2026-07-11.parquet (total 1654)
22:25:27 INFO Appended 125 rows -> C:\xampp\htdocs\crypto\microstructure_bot\data\trades\ETH_USDT_SWAP\2026-07-11.parquet (total 10697)
22:25:27 INFO Appended 26 rows -> C:\xampp\htdocs\crypto\microstructure_bot\data\trades\BTC_USDT_SWAP\2026-07-11.parquet (total 6295)
22:25:27 INFO Periodic flush: 1695 rows
22:25:59 INFO Appended 201 rows -> C:\xampp\htdocs\crypto\microstructure_bot\data\ticker\ETH_USDT_SWAP\2026-07-11.parquet (total 14185)
22:25:59 INFO Appended 320 rows -> C:\xampp\htdocs\crypto\microstructure_bot\data\orderbook\ETH_USDT_SWAP\2026-07-11.parquet (total 22087)
22:25:59 INFO Appended 314 rows -> C:\xampp\htdocs\crypto\microstructure_bot\data\orderbook\BTC_USDT_SWAP\2026-07-11.parquet (total 21548)
22:25:59 INFO Appended 294 rows -> C:\xampp\htdocs\crypto\microstructure_bot\data\orderbook\SOL_USDT_SWAP\2026-07-11.parquet (total 19358)
22:25:59 INFO Appended 203 rows -> C:\xampp\htdocs\crypto\microstructure_bot\data\ticker\BTC_USDT_SWAP\2026-07-11.parquet (total 14061)
22:25:59 INFO Appended 210 rows -> C:\xampp\htdocs\crypto\microstructure_bot\data\ticker\SOL_USDT_SWAP\2026-07-11.parquet (total 14052)
22:25:59 INFO Appended 53 rows -> C:\xampp\htdocs\crypto\microstructure_bot\data\trades\BTC_USDT_SWAP\2026-07-11.parquet (total 6348)
22:25:59 INFO Appended 136 rows -> C:\xampp\htdocs\crypto\microstructure_bot\data\trades\ETH_USDT_SWAP\2026-07-11.parquet (total 10833)
22:25:59 INFO Appended 32 rows -> C:\xampp\htdocs\crypto\microstructure_bot\data\trades\SOL_USDT_SWAP\2026-07-11.parquet (total 1686)
22:25:59 INFO Periodic flush: 1763 rows
22:26:31 INFO Appended 206 rows -> C:\xampp\htdocs\crypto\microstructure_bot\data\ticker\SOL_USDT_SWAP\2026-07-11.parquet (total 14258)
22:26:31 INFO Appended 323 rows -> C:\xampp\htdocs\crypto\microstructure_bot\data\orderbook\ETH_USDT_SWAP\2026-07-11.parquet (total 22410)
22:26:31 INFO Appended 314 rows -> C:\xampp\htdocs\crypto\microstructure_bot\data\orderbook\BTC_USDT_SWAP\2026-07-11.parquet (total 21862)
22:26:31 INFO Appended 304 rows -> C:\xampp\htdocs\crypto\microstructure_bot\data\orderbook\SOL_USDT_SWAP\2026-07-11.parquet (total 19662)
22:26:31 INFO Appended 203 rows -> C:\xampp\htdocs\crypto\microstructure_bot\data\trades\BTC_USDT_SWAP\2026-07-11.parquet (total 6551)
22:26:31 INFO Appended 208 rows -> C:\xampp\htdocs\crypto\microstructure_bot\data\ticker\BTC_USDT_SWAP\2026-07-11.parquet (total 14269)
22:26:31 INFO Appended 209 rows -> C:\xampp\htdocs\crypto\microstructure_bot\data\ticker\ETH_USDT_SWAP\2026-07-11.parquet (total 14394)
22:26:31 INFO Appended 107 rows -> C:\xampp\htdocs\crypto\microstructure_bot\data\trades\SOL_USDT_SWAP\2026-07-11.parquet (total 1793)
22:26:31 INFO Appended 534 rows -> C:\xampp\htdocs\crypto\microstructure_bot\data\trades\ETH_USDT_SWAP\2026-07-11.parquet (total 11367)
22:26:31 INFO Periodic flush: 2408 rows
22:27:03 INFO Appended 303 rows -> C:\xampp\htdocs\crypto\microstructure_bot\data\orderbook\SOL_USDT_SWAP\2026-07-11.parquet (total 19965)
22:27:03 INFO Appended 457 rows -> C:\xampp\htdocs\crypto\microstructure_bot\data\trades\ETH_USDT_SWAP\2026-07-11.parquet (total 11824)
22:27:03 INFO Appended 204 rows -> C:\xampp\htdocs\crypto\microstructure_bot\data\ticker\BTC_USDT_SWAP\2026-07-11.parquet (total 14473)
22:27:03 INFO Appended 208 rows -> C:\xampp\htdocs\crypto\microstructure_bot\data\ticker\SOL_USDT_SWAP\2026-07-11.parquet (total 14466)
22:27:04 INFO Appended 204 rows -> C:\xampp\htdocs\crypto\microstructure_bot\data\ticker\ETH_USDT_SWAP\2026-07-11.parquet (total 14598)
22:27:04 INFO Appended 322 rows -> C:\xampp\htdocs\crypto\microstructure_bot\data\orderbook\ETH_USDT_SWAP\2026-07-11.parquet (total 22732)
22:27:04 INFO Appended 318 rows -> C:\xampp\htdocs\crypto\microstructure_bot\data\orderbook\BTC_USDT_SWAP\2026-07-11.parquet (total 22180)
22:27:04 INFO Appended 138 rows -> C:\xampp\htdocs\crypto\microstructure_bot\data\trades\BTC_USDT_SWAP\2026-07-11.parquet (total 6689)
22:27:04 INFO Appended 35 rows -> C:\xampp\htdocs\crypto\microstructure_bot\data\trades\SOL_USDT_SWAP\2026-07-11.parquet (total 1828)
22:27:04 INFO Periodic flush: 2189 rows
22:27:36 INFO Appended 210 rows -> C:\xampp\htdocs\crypto\microstructure_bot\data\ticker\BTC_USDT_SWAP\2026-07-11.parquet (total 14683)
22:27:36 INFO Appended 206 rows -> C:\xampp\htdocs\crypto\microstructure_bot\data\ticker\SOL_USDT_SWAP\2026-07-11.parquet (total 14672)
22:27:36 INFO Appended 214 rows -> C:\xampp\htdocs\crypto\microstructure_bot\data\ticker\ETH_USDT_SWAP\2026-07-11.parquet (total 14812)
22:27:36 INFO Appended 326 rows -> C:\xampp\htdocs\crypto\microstructure_bot\data\orderbook\ETH_USDT_SWAP\2026-07-11.parquet (total 23058)
22:27:36 INFO Appended 326 rows -> C:\xampp\htdocs\crypto\microstructure_bot\data\orderbook\BTC_USDT_SWAP\2026-07-11.parquet (total 22506)
22:27:36 INFO Appended 316 rows -> C:\xampp\htdocs\crypto\microstructure_bot\data\orderbook\SOL_USDT_SWAP\2026-07-11.parquet (total 20281)
22:27:36 INFO Appended 977 rows -> C:\xampp\htdocs\crypto\microstructure_bot\data\trades\ETH_USDT_SWAP\2026-07-11.parquet (total 12801)
22:27:36 INFO Appended 56 rows -> C:\xampp\htdocs\crypto\microstructure_bot\data\trades\SOL_USDT_SWAP\2026-07-11.parquet (total 1884)
22:27:36 INFO Appended 545 rows -> C:\xampp\htdocs\crypto\microstructure_bot\data\trades\BTC_USDT_SWAP\2026-07-11.parquet (total 7234)
22:27:36 INFO Periodic flush: 3176 rows
22:28:08 INFO Appended 591 rows -> C:\xampp\htdocs\crypto\microstructure_bot\data\trades\ETH_USDT_SWAP\2026-07-11.parquet (total 13392)
22:28:08 INFO Appended 208 rows -> C:\xampp\htdocs\crypto\microstructure_bot\data\ticker\SOL_USDT_SWAP\2026-07-11.parquet (total 14880)
22:28:08 INFO Appended 197 rows -> C:\xampp\htdocs\crypto\microstructure_bot\data\ticker\BTC_USDT_SWAP\2026-07-11.parquet (total 14880)
22:28:09 INFO Appended 323 rows -> C:\xampp\htdocs\crypto\microstructure_bot\data\orderbook\ETH_USDT_SWAP\2026-07-11.parquet (total 23381)
22:28:09 INFO Appended 322 rows -> C:\xampp\htdocs\crypto\microstructure_bot\data\orderbook\BTC_USDT_SWAP\2026-07-11.parquet (total 22828)
22:28:09 INFO Appended 314 rows -> C:\xampp\htdocs\crypto\microstructure_bot\data\orderbook\SOL_USDT_SWAP\2026-07-11.parquet (total 20595)
22:28:09 INFO Appended 212 rows -> C:\xampp\htdocs\crypto\microstructure_bot\data\ticker\ETH_USDT_SWAP\2026-07-11.parquet (total 15024)
22:28:09 INFO Appended 392 rows -> C:\xampp\htdocs\crypto\microstructure_bot\data\trades\BTC_USDT_SWAP\2026-07-11.parquet (total 7626)
22:28:09 INFO Appended 43 rows -> C:\xampp\htdocs\crypto\microstructure_bot\data\trades\SOL_USDT_SWAP\2026-07-11.parquet (total 1927)
22:28:09 INFO Periodic flush: 2602 rows
22:28:42 INFO Appended 331 rows -> C:\xampp\htdocs\crypto\microstructure_bot\data\orderbook\ETH_USDT_SWAP\2026-07-11.parquet (total 23712)
22:28:42 INFO Appended 315 rows -> C:\xampp\htdocs\crypto\microstructure_bot\data\orderbook\SOL_USDT_SWAP\2026-07-11.parquet (total 20910)
22:28:42 INFO Appended 329 rows -> C:\xampp\htdocs\crypto\microstructure_bot\data\orderbook\BTC_USDT_SWAP\2026-07-11.parquet (total 23157)
22:28:42 INFO Appended 213 rows -> C:\xampp\htdocs\crypto\microstructure_bot\data\ticker\BTC_USDT_SWAP\2026-07-11.parquet (total 15093)
22:28:42 INFO Appended 214 rows -> C:\xampp\htdocs\crypto\microstructure_bot\data\ticker\ETH_USDT_SWAP\2026-07-11.parquet (total 15238)
22:28:42 INFO Appended 205 rows -> C:\xampp\htdocs\crypto\microstructure_bot\data\ticker\SOL_USDT_SWAP\2026-07-11.parquet (total 15085)
22:28:42 INFO Appended 463 rows -> C:\xampp\htdocs\crypto\microstructure_bot\data\trades\ETH_USDT_SWAP\2026-07-11.parquet (total 13855)
22:28:42 INFO Appended 229 rows -> C:\xampp\htdocs\crypto\microstructure_bot\data\trades\BTC_USDT_SWAP\2026-07-11.parquet (total 7855)
22:28:42 INFO Appended 28 rows -> C:\xampp\htdocs\crypto\microstructure_bot\data\trades\SOL_USDT_SWAP\2026-07-11.parquet (total 1955)
22:28:42 INFO Periodic flush: 2327 rows
22:29:14 INFO Appended 210 rows -> C:\xampp\htdocs\crypto\microstructure_bot\data\ticker\BTC_USDT_SWAP\2026-07-11.parquet (total 15303)
22:29:14 INFO Appended 206 rows -> C:\xampp\htdocs\crypto\microstructure_bot\data\ticker\SOL_USDT_SWAP\2026-07-11.parquet (total 15291)
22:29:14 INFO Appended 209 rows -> C:\xampp\htdocs\crypto\microstructure_bot\data\ticker\ETH_USDT_SWAP\2026-07-11.parquet (total 15447)
22:29:14 INFO Appended 326 rows -> C:\xampp\htdocs\crypto\microstructure_bot\data\orderbook\ETH_USDT_SWAP\2026-07-11.parquet (total 24038)
22:29:14 INFO Appended 320 rows -> C:\xampp\htdocs\crypto\microstructure_bot\data\orderbook\BTC_USDT_SWAP\2026-07-11.parquet (total 23477)
22:29:14 INFO Appended 300 rows -> C:\xampp\htdocs\crypto\microstructure_bot\data\orderbook\SOL_USDT_SWAP\2026-07-11.parquet (total 21210)
22:29:14 INFO Appended 396 rows -> C:\xampp\htdocs\crypto\microstructure_bot\data\trades\ETH_USDT_SWAP\2026-07-11.parquet (total 14251)
22:29:14 INFO Appended 38 rows -> C:\xampp\htdocs\crypto\microstructure_bot\data\trades\SOL_USDT_SWAP\2026-07-11.parquet (total 1993)
22:29:14 INFO Appended 277 rows -> C:\xampp\htdocs\crypto\microstructure_bot\data\trades\BTC_USDT_SWAP\2026-07-11.parquet (total 8132)
22:29:14 INFO Periodic flush: 2282 rows
22:29:47 INFO Appended 321 rows -> C:\xampp\htdocs\crypto\microstructure_bot\data\orderbook\ETH_USDT_SWAP\2026-07-11.parquet (total 24359)
22:29:47 INFO Appended 276 rows -> C:\xampp\htdocs\crypto\microstructure_bot\data\orderbook\SOL_USDT_SWAP\2026-07-11.parquet (total 21486)
22:29:47 INFO Appended 313 rows -> C:\xampp\htdocs\crypto\microstructure_bot\data\orderbook\BTC_USDT_SWAP\2026-07-11.parquet (total 23790)
22:29:47 INFO Appended 80 rows -> C:\xampp\htdocs\crypto\microstructure_bot\data\trades\BTC_USDT_SWAP\2026-07-11.parquet (total 8212)
22:29:47 INFO Appended 209 rows -> C:\xampp\htdocs\crypto\microstructure_bot\data\ticker\ETH_USDT_SWAP\2026-07-11.parquet (total 15656)
22:29:47 INFO Appended 205 rows -> C:\xampp\htdocs\crypto\microstructure_bot\data\ticker\BTC_USDT_SWAP\2026-07-11.parquet (total 15508)
22:29:47 INFO Appended 201 rows -> C:\xampp\htdocs\crypto\microstructure_bot\data\ticker\SOL_USDT_SWAP\2026-07-11.parquet (total 15492)
22:29:47 INFO Appended 28 rows -> C:\xampp\htdocs\crypto\microstructure_bot\data\trades\SOL_USDT_SWAP\2026-07-11.parquet (total 2021)
22:29:47 INFO Appended 182 rows -> C:\xampp\htdocs\crypto\microstructure_bot\data\trades\ETH_USDT_SWAP\2026-07-11.parquet (total 14433)
22:29:47 INFO Periodic flush: 1815 rows
22:30:19 INFO Appended 319 rows -> C:\xampp\htdocs\crypto\microstructure_bot\data\orderbook\BTC_USDT_SWAP\2026-07-11.parquet (total 24109)
22:30:19 INFO Appended 296 rows -> C:\xampp\htdocs\crypto\microstructure_bot\data\orderbook\SOL_USDT_SWAP\2026-07-11.parquet (total 21782)
22:30:19 INFO Appended 206 rows -> C:\xampp\htdocs\crypto\microstructure_bot\data\ticker\ETH_USDT_SWAP\2026-07-11.parquet (total 15862)
22:30:19 INFO Appended 318 rows -> C:\xampp\htdocs\crypto\microstructure_bot\data\orderbook\ETH_USDT_SWAP\2026-07-11.parquet (total 24677)
22:30:19 INFO Appended 286 rows -> C:\xampp\htdocs\crypto\microstructure_bot\data\trades\ETH_USDT_SWAP\2026-07-11.parquet (total 14719)
22:30:19 INFO Appended 209 rows -> C:\xampp\htdocs\crypto\microstructure_bot\data\ticker\BTC_USDT_SWAP\2026-07-11.parquet (total 15717)
22:30:19 INFO Appended 205 rows -> C:\xampp\htdocs\crypto\microstructure_bot\data\ticker\SOL_USDT_SWAP\2026-07-11.parquet (total 15697)
22:30:19 INFO Appended 186 rows -> C:\xampp\htdocs\crypto\microstructure_bot\data\trades\BTC_USDT_SWAP\2026-07-11.parquet (total 8398)
22:30:19 INFO Appended 35 rows -> C:\xampp\htdocs\crypto\microstructure_bot\data\trades\SOL_USDT_SWAP\2026-07-11.parquet (total 2056)
22:30:19 INFO Periodic flush: 2060 rows
22:30:51 INFO Appended 291 rows -> C:\xampp\htdocs\crypto\microstructure_bot\data\trades\ETH_USDT_SWAP\2026-07-11.parquet (total 15010)
22:30:51 INFO Appended 324 rows -> C:\xampp\htdocs\crypto\microstructure_bot\data\orderbook\ETH_USDT_SWAP\2026-07-11.parquet (total 25001)
22:30:51 INFO Appended 321 rows -> C:\xampp\htdocs\crypto\microstructure_bot\data\orderbook\BTC_USDT_SWAP\2026-07-11.parquet (total 24430)
22:30:51 INFO Appended 300 rows -> C:\xampp\htdocs\crypto\microstructure_bot\data\orderbook\SOL_USDT_SWAP\2026-07-11.parquet (total 22082)
22:30:51 INFO Appended 203 rows -> C:\xampp\htdocs\crypto\microstructure_bot\data\ticker\BTC_USDT_SWAP\2026-07-11.parquet (total 15920)
22:30:51 INFO Appended 205 rows -> C:\xampp\htdocs\crypto\microstructure_bot\data\ticker\SOL_USDT_SWAP\2026-07-11.parquet (total 15902)
22:30:51 INFO Appended 209 rows -> C:\xampp\htdocs\crypto\microstructure_bot\data\ticker\ETH_USDT_SWAP\2026-07-11.parquet (total 16071)
22:30:52 INFO Appended 152 rows -> C:\xampp\htdocs\crypto\microstructure_bot\data\trades\BTC_USDT_SWAP\2026-07-11.parquet (total 8550)
22:30:52 INFO Appended 22 rows -> C:\xampp\htdocs\crypto\microstructure_bot\data\trades\SOL_USDT_SWAP\2026-07-11.parquet (total 2078)
22:30:52 INFO Periodic flush: 2027 rows
22:31:23 INFO Appended 200 rows -> C:\xampp\htdocs\crypto\microstructure_bot\data\ticker\ETH_USDT_SWAP\2026-07-11.parquet (total 16271)
22:31:23 INFO Appended 321 rows -> C:\xampp\htdocs\crypto\microstructure_bot\data\orderbook\ETH_USDT_SWAP\2026-07-11.parquet (total 25322)
22:31:23 INFO Appended 318 rows -> C:\xampp\htdocs\crypto\microstructure_bot\data\orderbook\BTC_USDT_SWAP\2026-07-11.parquet (total 24748)
22:31:24 INFO Appended 292 rows -> C:\xampp\htdocs\crypto\microstructure_bot\data\orderbook\SOL_USDT_SWAP\2026-07-11.parquet (total 22374)
22:31:24 INFO Appended 205 rows -> C:\xampp\htdocs\crypto\microstructure_bot\data\ticker\BTC_USDT_SWAP\2026-07-11.parquet (total 16125)
22:31:24 INFO Appended 196 rows -> C:\xampp\htdocs\crypto\microstructure_bot\data\ticker\SOL_USDT_SWAP\2026-07-11.parquet (total 16098)
22:31:24 INFO Appended 400 rows -> C:\xampp\htdocs\crypto\microstructure_bot\data\trades\ETH_USDT_SWAP\2026-07-11.parquet (total 15410)
22:31:24 INFO Appended 175 rows -> C:\xampp\htdocs\crypto\microstructure_bot\data\trades\BTC_USDT_SWAP\2026-07-11.parquet (total 8725)
22:31:24 INFO Appended 32 rows -> C:\xampp\htdocs\crypto\microstructure_bot\data\trades\SOL_USDT_SWAP\2026-07-11.parquet (total 2110)
22:31:24 INFO Periodic flush: 2139 rows
22:31:56 INFO Appended 312 rows -> C:\xampp\htdocs\crypto\microstructure_bot\data\orderbook\BTC_USDT_SWAP\2026-07-11.parquet (total 25060)
22:31:56 INFO Appended 276 rows -> C:\xampp\htdocs\crypto\microstructure_bot\data\orderbook\SOL_USDT_SWAP\2026-07-11.parquet (total 22650)
22:31:56 INFO Appended 191 rows -> C:\xampp\htdocs\crypto\microstructure_bot\data\trades\BTC_USDT_SWAP\2026-07-11.parquet (total 8916)
22:31:56 INFO Appended 205 rows -> C:\xampp\htdocs\crypto\microstructure_bot\data\ticker\BTC_USDT_SWAP\2026-07-11.parquet (total 16330)
22:31:56 INFO Appended 203 rows -> C:\xampp\htdocs\crypto\microstructure_bot\data\ticker\SOL_USDT_SWAP\2026-07-11.parquet (total 16301)
22:31:56 INFO Appended 42 rows -> C:\xampp\htdocs\crypto\microstructure_bot\data\trades\SOL_USDT_SWAP\2026-07-11.parquet (total 2152)
22:31:56 INFO Appended 316 rows -> C:\xampp\htdocs\crypto\microstructure_bot\data\orderbook\ETH_USDT_SWAP\2026-07-11.parquet (total 25638)
22:31:56 INFO Appended 201 rows -> C:\xampp\htdocs\crypto\microstructure_bot\data\ticker\ETH_USDT_SWAP\2026-07-11.parquet (total 16472)
22:31:56 INFO Appended 237 rows -> C:\xampp\htdocs\crypto\microstructure_bot\data\trades\ETH_USDT_SWAP\2026-07-11.parquet (total 15647)
22:31:56 INFO Periodic flush: 1983 rows
22:32:28 INFO Appended 332 rows -> C:\xampp\htdocs\crypto\microstructure_bot\data\trades\ETH_USDT_SWAP\2026-07-11.parquet (total 15979)
22:32:28 INFO Appended 38 rows -> C:\xampp\htdocs\crypto\microstructure_bot\data\trades\SOL_USDT_SWAP\2026-07-11.parquet (total 2190)
22:32:28 INFO Appended 210 rows -> C:\xampp\htdocs\crypto\microstructure_bot\data\ticker\SOL_USDT_SWAP\2026-07-11.parquet (total 16511)
22:32:28 INFO Appended 205 rows -> C:\xampp\htdocs\crypto\microstructure_bot\data\ticker\ETH_USDT_SWAP\2026-07-11.parquet (total 16677)
22:32:28 INFO Appended 198 rows -> C:\xampp\htdocs\crypto\microstructure_bot\data\ticker\BTC_USDT_SWAP\2026-07-11.parquet (total 16528)
22:32:28 INFO Appended 321 rows -> C:\xampp\htdocs\crypto\microstructure_bot\data\orderbook\ETH_USDT_SWAP\2026-07-11.parquet (total 25959)
22:32:28 INFO Appended 198 rows -> C:\xampp\htdocs\crypto\microstructure_bot\data\trades\BTC_USDT_SWAP\2026-07-11.parquet (total 9114)
22:32:28 INFO Appended 300 rows -> C:\xampp\htdocs\crypto\microstructure_bot\data\orderbook\SOL_USDT_SWAP\2026-07-11.parquet (total 22950)
22:32:28 INFO Appended 319 rows -> C:\xampp\htdocs\crypto\microstructure_bot\data\orderbook\BTC_USDT_SWAP\2026-07-11.parquet (total 25379)
22:32:28 INFO Periodic flush: 2121 rows
22:33:01 INFO Appended 325 rows -> C:\xampp\htdocs\crypto\microstructure_bot\data\orderbook\ETH_USDT_SWAP\2026-07-11.parquet (total 26284)
22:33:01 INFO Appended 318 rows -> C:\xampp\htdocs\crypto\microstructure_bot\data\orderbook\BTC_USDT_SWAP\2026-07-11.parquet (total 25697)
22:33:01 INFO Appended 287 rows -> C:\xampp\htdocs\crypto\microstructure_bot\data\orderbook\SOL_USDT_SWAP\2026-07-11.parquet (total 23237)
22:33:01 INFO Appended 206 rows -> C:\xampp\htdocs\crypto\microstructure_bot\data\ticker\BTC_USDT_SWAP\2026-07-11.parquet (total 16734)
22:33:01 INFO Appended 208 rows -> C:\xampp\htdocs\crypto\microstructure_bot\data\ticker\ETH_USDT_SWAP\2026-07-11.parquet (total 16885)
22:33:01 INFO Appended 198 rows -> C:\xampp\htdocs\crypto\microstructure_bot\data\trades\ETH_USDT_SWAP\2026-07-11.parquet (total 16177)
22:33:01 INFO Appended 208 rows -> C:\xampp\htdocs\crypto\microstructure_bot\data\ticker\SOL_USDT_SWAP\2026-07-11.parquet (total 16719)
22:33:01 INFO Appended 23 rows -> C:\xampp\htdocs\crypto\microstructure_bot\data\trades\SOL_USDT_SWAP\2026-07-11.parquet (total 2213)
22:33:01 INFO Appended 68 rows -> C:\xampp\htdocs\crypto\microstructure_bot\data\trades\BTC_USDT_SWAP\2026-07-11.parquet (total 9182)
22:33:01 INFO Periodic flush: 1841 rows
22:33:33 INFO Appended 323 rows -> C:\xampp\htdocs\crypto\microstructure_bot\data\orderbook\ETH_USDT_SWAP\2026-07-11.parquet (total 26607)
22:33:33 INFO Appended 317 rows -> C:\xampp\htdocs\crypto\microstructure_bot\data\orderbook\BTC_USDT_SWAP\2026-07-11.parquet (total 26014)
22:33:33 INFO Appended 305 rows -> C:\xampp\htdocs\crypto\microstructure_bot\data\orderbook\SOL_USDT_SWAP\2026-07-11.parquet (total 23542)
22:33:33 INFO Appended 202 rows -> C:\xampp\htdocs\crypto\microstructure_bot\data\ticker\ETH_USDT_SWAP\2026-07-11.parquet (total 17087)
22:33:33 INFO Appended 199 rows -> C:\xampp\htdocs\crypto\microstructure_bot\data\ticker\BTC_USDT_SWAP\2026-07-11.parquet (total 16933)
22:33:33 INFO Appended 206 rows -> C:\xampp\htdocs\crypto\microstructure_bot\data\ticker\SOL_USDT_SWAP\2026-07-11.parquet (total 16925)
22:33:33 INFO Appended 397 rows -> C:\xampp\htdocs\crypto\microstructure_bot\data\trades\ETH_USDT_SWAP\2026-07-11.parquet (total 16574)
22:33:33 INFO Appended 200 rows -> C:\xampp\htdocs\crypto\microstructure_bot\data\trades\BTC_USDT_SWAP\2026-07-11.parquet (total 9382)
22:33:33 INFO Appended 59 rows -> C:\xampp\htdocs\crypto\microstructure_bot\data\trades\SOL_USDT_SWAP\2026-07-11.parquet (total 2272)
22:33:33 INFO Periodic flush: 2208 rows
22:34:05 INFO Appended 209 rows -> C:\xampp\htdocs\crypto\microstructure_bot\data\ticker\SOL_USDT_SWAP\2026-07-11.parquet (total 17134)
22:34:05 INFO Appended 202 rows -> C:\xampp\htdocs\crypto\microstructure_bot\data\ticker\ETH_USDT_SWAP\2026-07-11.parquet (total 17289)
22:34:05 INFO Appended 198 rows -> C:\xampp\htdocs\crypto\microstructure_bot\data\ticker\BTC_USDT_SWAP\2026-07-11.parquet (total 17131)
22:34:05 INFO Appended 324 rows -> C:\xampp\htdocs\crypto\microstructure_bot\data\orderbook\ETH_USDT_SWAP\2026-07-11.parquet (total 26931)
22:34:06 INFO Appended 311 rows -> C:\xampp\htdocs\crypto\microstructure_bot\data\orderbook\BTC_USDT_SWAP\2026-07-11.parquet (total 26325)
22:34:06 INFO Appended 296 rows -> C:\xampp\htdocs\crypto\microstructure_bot\data\orderbook\SOL_USDT_SWAP\2026-07-11.parquet (total 23838)
22:34:06 INFO Appended 162 rows -> C:\xampp\htdocs\crypto\microstructure_bot\data\trades\ETH_USDT_SWAP\2026-07-11.parquet (total 16736)
22:34:06 INFO Appended 17 rows -> C:\xampp\htdocs\crypto\microstructure_bot\data\trades\SOL_USDT_SWAP\2026-07-11.parquet (total 2289)
22:34:06 INFO Appended 53 rows -> C:\xampp\htdocs\crypto\microstructure_bot\data\trades\BTC_USDT_SWAP\2026-07-11.parquet (total 9435)
22:34:06 INFO Periodic flush: 1772 rows
22:34:38 INFO Appended 323 rows -> C:\xampp\htdocs\crypto\microstructure_bot\data\orderbook\ETH_USDT_SWAP\2026-07-11.parquet (total 27254)
22:34:38 INFO Appended 292 rows -> C:\xampp\htdocs\crypto\microstructure_bot\data\orderbook\SOL_USDT_SWAP\2026-07-11.parquet (total 24130)
22:34:38 INFO Appended 322 rows -> C:\xampp\htdocs\crypto\microstructure_bot\data\orderbook\BTC_USDT_SWAP\2026-07-11.parquet (total 26647)
22:34:38 INFO Appended 201 rows -> C:\xampp\htdocs\crypto\microstructure_bot\data\ticker\SOL_USDT_SWAP\2026-07-11.parquet (total 17335)
22:34:38 INFO Appended 212 rows -> C:\xampp\htdocs\crypto\microstructure_bot\data\ticker\ETH_USDT_SWAP\2026-07-11.parquet (total 17501)
22:34:38 INFO Appended 199 rows -> C:\xampp\htdocs\crypto\microstructure_bot\data\ticker\BTC_USDT_SWAP\2026-07-11.parquet (total 17330)
22:34:38 INFO Appended 421 rows -> C:\xampp\htdocs\crypto\microstructure_bot\data\trades\ETH_USDT_SWAP\2026-07-11.parquet (total 17157)
22:34:38 INFO Appended 207 rows -> C:\xampp\htdocs\crypto\microstructure_bot\data\trades\BTC_USDT_SWAP\2026-07-11.parquet (total 9642)
22:34:38 INFO Appended 31 rows -> C:\xampp\htdocs\crypto\microstructure_bot\data\trades\SOL_USDT_SWAP\2026-07-11.parquet (total 2320)
22:34:38 INFO Periodic flush: 2208 rows
22:35:10 INFO Appended 318 rows -> C:\xampp\htdocs\crypto\microstructure_bot\data\orderbook\ETH_USDT_SWAP\2026-07-11.parquet (total 27572)
22:35:10 INFO Appended 284 rows -> C:\xampp\htdocs\crypto\microstructure_bot\data\orderbook\SOL_USDT_SWAP\2026-07-11.parquet (total 24414)
22:35:10 INFO Appended 317 rows -> C:\xampp\htdocs\crypto\microstructure_bot\data\orderbook\BTC_USDT_SWAP\2026-07-11.parquet (total 26964)
22:35:11 INFO Appended 207 rows -> C:\xampp\htdocs\crypto\microstructure_bot\data\ticker\BTC_USDT_SWAP\2026-07-11.parquet (total 17537)
22:35:11 INFO Appended 199 rows -> C:\xampp\htdocs\crypto\microstructure_bot\data\ticker\SOL_USDT_SWAP\2026-07-11.parquet (total 17534)
22:35:11 INFO Appended 206 rows -> C:\xampp\htdocs\crypto\microstructure_bot\data\ticker\ETH_USDT_SWAP\2026-07-11.parquet (total 17707)
22:35:11 INFO Appended 21 rows -> C:\xampp\htdocs\crypto\microstructure_bot\data\trades\SOL_USDT_SWAP\2026-07-11.parquet (total 2341)
22:35:11 INFO Appended 141 rows -> C:\xampp\htdocs\crypto\microstructure_bot\data\trades\ETH_USDT_SWAP\2026-07-11.parquet (total 17298)
22:35:11 INFO Appended 46 rows -> C:\xampp\htdocs\crypto\microstructure_bot\data\trades\BTC_USDT_SWAP\2026-07-11.parquet (total 9688)
22:35:11 INFO Periodic flush: 1739 rows
22:35:43 INFO Appended 23 rows -> C:\xampp\htdocs\crypto\microstructure_bot\data\trades\BTC_USDT_SWAP\2026-07-11.parquet (total 9711)
22:35:43 INFO Appended 206 rows -> C:\xampp\htdocs\crypto\microstructure_bot\data\ticker\ETH_USDT_SWAP\2026-07-11.parquet (total 17913)
22:35:43 INFO Appended 315 rows -> C:\xampp\htdocs\crypto\microstructure_bot\data\orderbook\ETH_USDT_SWAP\2026-07-11.parquet (total 27887)
22:35:43 INFO Appended 319 rows -> C:\xampp\htdocs\crypto\microstructure_bot\data\orderbook\BTC_USDT_SWAP\2026-07-11.parquet (total 27283)
22:35:43 INFO Appended 204 rows -> C:\xampp\htdocs\crypto\microstructure_bot\data\ticker\SOL_USDT_SWAP\2026-07-11.parquet (total 17738)
22:35:43 INFO Appended 208 rows -> C:\xampp\htdocs\crypto\microstructure_bot\data\ticker\BTC_USDT_SWAP\2026-07-11.parquet (total 17745)
22:35:43 INFO Appended 256 rows -> C:\xampp\htdocs\crypto\microstructure_bot\data\orderbook\SOL_USDT_SWAP\2026-07-11.parquet (total 24670)
22:35:43 INFO Appended 143 rows -> C:\xampp\htdocs\crypto\microstructure_bot\data\trades\ETH_USDT_SWAP\2026-07-11.parquet (total 17441)
22:35:43 INFO Appended 25 rows -> C:\xampp\htdocs\crypto\microstructure_bot\data\trades\SOL_USDT_SWAP\2026-07-11.parquet (total 2366)
22:35:43 INFO Periodic flush: 1699 rows
22:36:15 INFO Appended 323 rows -> C:\xampp\htdocs\crypto\microstructure_bot\data\orderbook\ETH_USDT_SWAP\2026-07-11.parquet (total 28210)
22:36:15 INFO Appended 321 rows -> C:\xampp\htdocs\crypto\microstructure_bot\data\orderbook\BTC_USDT_SWAP\2026-07-11.parquet (total 27604)
22:36:15 INFO Appended 295 rows -> C:\xampp\htdocs\crypto\microstructure_bot\data\orderbook\SOL_USDT_SWAP\2026-07-11.parquet (total 24965)
22:36:15 INFO Appended 204 rows -> C:\xampp\htdocs\crypto\microstructure_bot\data\ticker\SOL_USDT_SWAP\2026-07-11.parquet (total 17942)
22:36:15 INFO Appended 203 rows -> C:\xampp\htdocs\crypto\microstructure_bot\data\ticker\BTC_USDT_SWAP\2026-07-11.parquet (total 17948)
22:36:15 INFO Appended 203 rows -> C:\xampp\htdocs\crypto\microstructure_bot\data\ticker\ETH_USDT_SWAP\2026-07-11.parquet (total 18116)
22:36:15 INFO Appended 186 rows -> C:\xampp\htdocs\crypto\microstructure_bot\data\trades\ETH_USDT_SWAP\2026-07-11.parquet (total 17627)
22:36:15 INFO Appended 144 rows -> C:\xampp\htdocs\crypto\microstructure_bot\data\trades\BTC_USDT_SWAP\2026-07-11.parquet (total 9855)
22:36:15 INFO Appended 47 rows -> C:\xampp\htdocs\crypto\microstructure_bot\data\trades\SOL_USDT_SWAP\2026-07-11.parquet (total 2413)
22:36:15 INFO Periodic flush: 1926 rows
22:36:48 INFO Appended 204 rows -> C:\xampp\htdocs\crypto\microstructure_bot\data\ticker\BTC_USDT_SWAP\2026-07-11.parquet (total 18152)
22:36:48 INFO Appended 211 rows -> C:\xampp\htdocs\crypto\microstructure_bot\data\ticker\SOL_USDT_SWAP\2026-07-11.parquet (total 18153)
22:36:48 INFO Appended 204 rows -> C:\xampp\htdocs\crypto\microstructure_bot\data\ticker\ETH_USDT_SWAP\2026-07-11.parquet (total 18320)
22:36:48 INFO Appended 324 rows -> C:\xampp\htdocs\crypto\microstructure_bot\data\orderbook\ETH_USDT_SWAP\2026-07-11.parquet (total 28534)
22:36:48 INFO Appended 324 rows -> C:\xampp\htdocs\crypto\microstructure_bot\data\orderbook\BTC_USDT_SWAP\2026-07-11.parquet (total 27928)
22:36:48 INFO Appended 299 rows -> C:\xampp\htdocs\crypto\microstructure_bot\data\orderbook\SOL_USDT_SWAP\2026-07-11.parquet (total 25264)
22:36:48 INFO Appended 233 rows -> C:\xampp\htdocs\crypto\microstructure_bot\data\trades\ETH_USDT_SWAP\2026-07-11.parquet (total 17860)
22:36:48 INFO Appended 221 rows -> C:\xampp\htdocs\crypto\microstructure_bot\data\trades\BTC_USDT_SWAP\2026-07-11.parquet (total 10076)
22:36:48 INFO Appended 24 rows -> C:\xampp\htdocs\crypto\microstructure_bot\data\trades\SOL_USDT_SWAP\2026-07-11.parquet (total 2437)
22:36:48 INFO Periodic flush: 2044 rows
22:37:20 INFO Appended 199 rows -> C:\xampp\htdocs\crypto\microstructure_bot\data\ticker\SOL_USDT_SWAP\2026-07-11.parquet (total 18352)
22:37:20 INFO Appended 208 rows -> C:\xampp\htdocs\crypto\microstructure_bot\data\ticker\BTC_USDT_SWAP\2026-07-11.parquet (total 18360)
22:37:20 INFO Appended 322 rows -> C:\xampp\htdocs\crypto\microstructure_bot\data\orderbook\ETH_USDT_SWAP\2026-07-11.parquet (total 28856)
22:37:20 INFO Appended 320 rows -> C:\xampp\htdocs\crypto\microstructure_bot\data\orderbook\BTC_USDT_SWAP\2026-07-11.parquet (total 28248)
22:37:20 INFO Appended 297 rows -> C:\xampp\htdocs\crypto\microstructure_bot\data\orderbook\SOL_USDT_SWAP\2026-07-11.parquet (total 25561)
22:37:20 INFO Appended 198 rows -> C:\xampp\htdocs\crypto\microstructure_bot\data\trades\ETH_USDT_SWAP\2026-07-11.parquet (total 18058)
22:37:20 INFO Appended 205 rows -> C:\xampp\htdocs\crypto\microstructure_bot\data\ticker\ETH_USDT_SWAP\2026-07-11.parquet (total 18525)
22:37:20 INFO Appended 66 rows -> C:\xampp\htdocs\crypto\microstructure_bot\data\trades\BTC_USDT_SWAP\2026-07-11.parquet (total 10142)
22:37:20 INFO Appended 33 rows -> C:\xampp\htdocs\crypto\microstructure_bot\data\trades\SOL_USDT_SWAP\2026-07-11.parquet (total 2470)
22:37:20 INFO Periodic flush: 1848 rows
22:37:53 INFO Appended 319 rows -> C:\xampp\htdocs\crypto\microstructure_bot\data\orderbook\ETH_USDT_SWAP\2026-07-11.parquet (total 29175)
22:37:53 INFO Appended 313 rows -> C:\xampp\htdocs\crypto\microstructure_bot\data\orderbook\BTC_USDT_SWAP\2026-07-11.parquet (total 28561)
22:37:53 INFO Appended 288 rows -> C:\xampp\htdocs\crypto\microstructure_bot\data\orderbook\SOL_USDT_SWAP\2026-07-11.parquet (total 25849)
22:37:53 INFO Appended 209 rows -> C:\xampp\htdocs\crypto\microstructure_bot\data\ticker\BTC_USDT_SWAP\2026-07-11.parquet (total 18569)
22:37:53 INFO Appended 204 rows -> C:\xampp\htdocs\crypto\microstructure_bot\data\ticker\SOL_USDT_SWAP\2026-07-11.parquet (total 18556)
22:37:53 INFO Appended 132 rows -> C:\xampp\htdocs\crypto\microstructure_bot\data\trades\BTC_USDT_SWAP\2026-07-11.parquet (total 10274)
22:37:53 INFO Appended 35 rows -> C:\xampp\htdocs\crypto\microstructure_bot\data\trades\SOL_USDT_SWAP\2026-07-11.parquet (total 2505)
22:37:53 INFO Appended 172 rows -> C:\xampp\htdocs\crypto\microstructure_bot\data\trades\ETH_USDT_SWAP\2026-07-11.parquet (total 18230)
22:37:53 INFO Appended 207 rows -> C:\xampp\htdocs\crypto\microstructure_bot\data\ticker\ETH_USDT_SWAP\2026-07-11.parquet (total 18732)
22:37:53 INFO Periodic flush: 1879 rows
22:38:25 INFO Appended 327 rows -> C:\xampp\htdocs\crypto\microstructure_bot\data\orderbook\ETH_USDT_SWAP\2026-07-11.parquet (total 29502)
22:38:26 INFO Appended 312 rows -> C:\xampp\htdocs\crypto\microstructure_bot\data\orderbook\BTC_USDT_SWAP\2026-07-11.parquet (total 28873)
22:38:26 INFO Appended 297 rows -> C:\xampp\htdocs\crypto\microstructure_bot\data\orderbook\SOL_USDT_SWAP\2026-07-11.parquet (total 26146)
22:38:26 INFO Appended 205 rows -> C:\xampp\htdocs\crypto\microstructure_bot\data\ticker\SOL_USDT_SWAP\2026-07-11.parquet (total 18761)
22:38:26 INFO Appended 212 rows -> C:\xampp\htdocs\crypto\microstructure_bot\data\ticker\ETH_USDT_SWAP\2026-07-11.parquet (total 18944)
22:38:26 INFO Appended 204 rows -> C:\xampp\htdocs\crypto\microstructure_bot\data\trades\ETH_USDT_SWAP\2026-07-11.parquet (total 18434)
22:38:26 INFO Appended 198 rows -> C:\xampp\htdocs\crypto\microstructure_bot\data\ticker\BTC_USDT_SWAP\2026-07-11.parquet (total 18767)
22:38:26 INFO Appended 114 rows -> C:\xampp\htdocs\crypto\microstructure_bot\data\trades\BTC_USDT_SWAP\2026-07-11.parquet (total 10388)
22:38:26 INFO Appended 28 rows -> C:\xampp\htdocs\crypto\microstructure_bot\data\trades\SOL_USDT_SWAP\2026-07-11.parquet (total 2533)
22:38:26 INFO Periodic flush: 1897 rows
22:38:58 INFO Appended 320 rows -> C:\xampp\htdocs\crypto\microstructure_bot\data\orderbook\ETH_USDT_SWAP\2026-07-11.parquet (total 29822)
22:38:58 INFO Appended 311 rows -> C:\xampp\htdocs\crypto\microstructure_bot\data\orderbook\BTC_USDT_SWAP\2026-07-11.parquet (total 29184)
22:38:58 INFO Appended 278 rows -> C:\xampp\htdocs\crypto\microstructure_bot\data\orderbook\SOL_USDT_SWAP\2026-07-11.parquet (total 26424)
22:38:58 INFO Appended 208 rows -> C:\xampp\htdocs\crypto\microstructure_bot\data\ticker\SOL_USDT_SWAP\2026-07-11.parquet (total 18969)
22:38:58 INFO Appended 208 rows -> C:\xampp\htdocs\crypto\microstructure_bot\data\ticker\ETH_USDT_SWAP\2026-07-11.parquet (total 19152)
22:38:58 INFO Appended 211 rows -> C:\xampp\htdocs\crypto\microstructure_bot\data\ticker\BTC_USDT_SWAP\2026-07-11.parquet (total 18978)
22:38:58 INFO Appended 62 rows -> C:\xampp\htdocs\crypto\microstructure_bot\data\trades\BTC_USDT_SWAP\2026-07-11.parquet (total 10450)
22:38:58 INFO Appended 23 rows -> C:\xampp\htdocs\crypto\microstructure_bot\data\trades\SOL_USDT_SWAP\2026-07-11.parquet (total 2556)
22:38:59 INFO Appended 65 rows -> C:\xampp\htdocs\crypto\microstructure_bot\data\trades\ETH_USDT_SWAP\2026-07-11.parquet (total 18499)
22:38:59 INFO Periodic flush: 1686 rows
22:39:31 INFO Appended 38 rows -> C:\xampp\htdocs\crypto\microstructure_bot\data\trades\BTC_USDT_SWAP\2026-07-11.parquet (total 10488)
22:39:31 INFO Appended 315 rows -> C:\xampp\htdocs\crypto\microstructure_bot\data\orderbook\ETH_USDT_SWAP\2026-07-11.parquet (total 30137)
22:39:31 INFO Appended 213 rows -> C:\xampp\htdocs\crypto\microstructure_bot\data\ticker\BTC_USDT_SWAP\2026-07-11.parquet (total 19191)
22:39:31 INFO Appended 266 rows -> C:\xampp\htdocs\crypto\microstructure_bot\data\orderbook\SOL_USDT_SWAP\2026-07-11.parquet (total 26690)
22:39:31 INFO Appended 309 rows -> C:\xampp\htdocs\crypto\microstructure_bot\data\orderbook\BTC_USDT_SWAP\2026-07-11.parquet (total 29493)
22:39:31 INFO Appended 71 rows -> C:\xampp\htdocs\crypto\microstructure_bot\data\trades\ETH_USDT_SWAP\2026-07-11.parquet (total 18570)
22:39:31 INFO Appended 17 rows -> C:\xampp\htdocs\crypto\microstructure_bot\data\trades\SOL_USDT_SWAP\2026-07-11.parquet (total 2573)
22:39:31 INFO Appended 208 rows -> C:\xampp\htdocs\crypto\microstructure_bot\data\ticker\ETH_USDT_SWAP\2026-07-11.parquet (total 19360)
22:39:31 INFO Appended 201 rows -> C:\xampp\htdocs\crypto\microstructure_bot\data\ticker\SOL_USDT_SWAP\2026-07-11.parquet (total 19170)
22:39:31 INFO Periodic flush: 1638 rows
22:40:04 INFO Appended 219 rows -> C:\xampp\htdocs\crypto\microstructure_bot\data\ticker\ETH_USDT_SWAP\2026-07-11.parquet (total 19579)
22:40:04 INFO Appended 211 rows -> C:\xampp\htdocs\crypto\microstructure_bot\data\ticker\SOL_USDT_SWAP\2026-07-11.parquet (total 19381)
22:40:04 INFO Appended 331 rows -> C:\xampp\htdocs\crypto\microstructure_bot\data\orderbook\ETH_USDT_SWAP\2026-07-11.parquet (total 30468)
22:40:05 INFO Appended 330 rows -> C:\xampp\htdocs\crypto\microstructure_bot\data\orderbook\BTC_USDT_SWAP\2026-07-11.parquet (total 29823)
22:40:05 INFO Appended 299 rows -> C:\xampp\htdocs\crypto\microstructure_bot\data\orderbook\SOL_USDT_SWAP\2026-07-11.parquet (total 26989)
22:40:05 INFO Appended 264 rows -> C:\xampp\htdocs\crypto\microstructure_bot\data\trades\ETH_USDT_SWAP\2026-07-11.parquet (total 18834)
22:40:05 INFO Appended 216 rows -> C:\xampp\htdocs\crypto\microstructure_bot\data\ticker\BTC_USDT_SWAP\2026-07-11.parquet (total 19407)
22:40:05 INFO Appended 224 rows -> C:\xampp\htdocs\crypto\microstructure_bot\data\trades\BTC_USDT_SWAP\2026-07-11.parquet (total 10712)
22:40:05 INFO Appended 34 rows -> C:\xampp\htdocs\crypto\microstructure_bot\data\trades\SOL_USDT_SWAP\2026-07-11.parquet (total 2607)
22:40:05 INFO Periodic flush: 2128 rows
22:40:38 INFO Appended 323 rows -> C:\xampp\htdocs\crypto\microstructure_bot\data\orderbook\ETH_USDT_SWAP\2026-07-11.parquet (total 30791)
22:40:38 INFO Appended 329 rows -> C:\xampp\htdocs\crypto\microstructure_bot\data\orderbook\BTC_USDT_SWAP\2026-07-11.parquet (total 30152)
22:40:38 INFO Appended 210 rows -> C:\xampp\htdocs\crypto\microstructure_bot\data\ticker\BTC_USDT_SWAP\2026-07-11.parquet (total 19617)
22:40:38 INFO Appended 215 rows -> C:\xampp\htdocs\crypto\microstructure_bot\data\ticker\ETH_USDT_SWAP\2026-07-11.parquet (total 19794)
22:40:38 INFO Appended 213 rows -> C:\xampp\htdocs\crypto\microstructure_bot\data\ticker\SOL_USDT_SWAP\2026-07-11.parquet (total 19594)
22:40:38 INFO Appended 266 rows -> C:\xampp\htdocs\crypto\microstructure_bot\data\orderbook\SOL_USDT_SWAP\2026-07-11.parquet (total 27255)
22:40:38 INFO Appended 92 rows -> C:\xampp\htdocs\crypto\microstructure_bot\data\trades\ETH_USDT_SWAP\2026-07-11.parquet (total 18926)
22:40:38 INFO Appended 24 rows -> C:\xampp\htdocs\crypto\microstructure_bot\data\trades\SOL_USDT_SWAP\2026-07-11.parquet (total 2631)
22:40:38 INFO Appended 155 rows -> C:\xampp\htdocs\crypto\microstructure_bot\data\trades\BTC_USDT_SWAP\2026-07-11.parquet (total 10867)
22:40:38 INFO Periodic flush: 1827 rows
22:41:11 INFO Appended 208 rows -> C:\xampp\htdocs\crypto\microstructure_bot\data\ticker\BTC_USDT_SWAP\2026-07-11.parquet (total 19825)
22:41:11 INFO Appended 324 rows -> C:\xampp\htdocs\crypto\microstructure_bot\data\orderbook\ETH_USDT_SWAP\2026-07-11.parquet (total 31115)
22:41:11 INFO Appended 321 rows -> C:\xampp\htdocs\crypto\microstructure_bot\data\orderbook\BTC_USDT_SWAP\2026-07-11.parquet (total 30473)
22:41:12 INFO Appended 291 rows -> C:\xampp\htdocs\crypto\microstructure_bot\data\orderbook\SOL_USDT_SWAP\2026-07-11.parquet (total 27546)
22:41:12 INFO Appended 133 rows -> C:\xampp\htdocs\crypto\microstructure_bot\data\trades\ETH_USDT_SWAP\2026-07-11.parquet (total 19059)
22:41:12 INFO Appended 209 rows -> C:\xampp\htdocs\crypto\microstructure_bot\data\ticker\ETH_USDT_SWAP\2026-07-11.parquet (total 20003)
22:41:12 INFO Appended 211 rows -> C:\xampp\htdocs\crypto\microstructure_bot\data\ticker\SOL_USDT_SWAP\2026-07-11.parquet (total 19805)
22:41:12 INFO Appended 126 rows -> C:\xampp\htdocs\crypto\microstructure_bot\data\trades\BTC_USDT_SWAP\2026-07-11.parquet (total 10993)
22:41:12 INFO Appended 29 rows -> C:\xampp\htdocs\crypto\microstructure_bot\data\trades\SOL_USDT_SWAP\2026-07-11.parquet (total 2660)
22:41:12 INFO Periodic flush: 1852 rows
22:41:44 INFO Appended 212 rows -> C:\xampp\htdocs\crypto\microstructure_bot\data\ticker\ETH_USDT_SWAP\2026-07-11.parquet (total 20215)
22:41:45 INFO Appended 326 rows -> C:\xampp\htdocs\crypto\microstructure_bot\data\orderbook\ETH_USDT_SWAP\2026-07-11.parquet (total 31441)
22:41:45 INFO Appended 324 rows -> C:\xampp\htdocs\crypto\microstructure_bot\data\orderbook\BTC_USDT_SWAP\2026-07-11.parquet (total 30797)
22:41:45 INFO Appended 287 rows -> C:\xampp\htdocs\crypto\microstructure_bot\data\orderbook\SOL_USDT_SWAP\2026-07-11.parquet (total 27833)
22:41:45 INFO Appended 207 rows -> C:\xampp\htdocs\crypto\microstructure_bot\data\ticker\BTC_USDT_SWAP\2026-07-11.parquet (total 20032)
22:41:45 INFO Appended 211 rows -> C:\xampp\htdocs\crypto\microstructure_bot\data\ticker\SOL_USDT_SWAP\2026-07-11.parquet (total 20016)
22:41:45 INFO Appended 26 rows -> C:\xampp\htdocs\crypto\microstructure_bot\data\trades\BTC_USDT_SWAP\2026-07-11.parquet (total 11019)
22:41:45 INFO Appended 106 rows -> C:\xampp\htdocs\crypto\microstructure_bot\data\trades\ETH_USDT_SWAP\2026-07-11.parquet (total 19165)
22:41:45 INFO Appended 14 rows -> C:\xampp\htdocs\crypto\microstructure_bot\data\trades\SOL_USDT_SWAP\2026-07-11.parquet (total 2674)
22:41:45 INFO Periodic flush: 1713 rows
22:42:18 INFO Appended 208 rows -> C:\xampp\htdocs\crypto\microstructure_bot\data\ticker\ETH_USDT_SWAP\2026-07-11.parquet (total 20423)
22:42:18 INFO Appended 207 rows -> C:\xampp\htdocs\crypto\microstructure_bot\data\ticker\BTC_USDT_SWAP\2026-07-11.parquet (total 20239)
22:42:18 INFO Appended 325 rows -> C:\xampp\htdocs\crypto\microstructure_bot\data\orderbook\ETH_USDT_SWAP\2026-07-11.parquet (total 31766)
22:42:18 INFO Appended 331 rows -> C:\xampp\htdocs\crypto\microstructure_bot\data\orderbook\BTC_USDT_SWAP\2026-07-11.parquet (total 31128)
22:42:18 INFO Appended 291 rows -> C:\xampp\htdocs\crypto\microstructure_bot\data\orderbook\SOL_USDT_SWAP\2026-07-11.parquet (total 28124)
22:42:19 INFO Appended 216 rows -> C:\xampp\htdocs\crypto\microstructure_bot\data\ticker\SOL_USDT_SWAP\2026-07-11.parquet (total 20232)
22:42:19 INFO Appended 31 rows -> C:\xampp\htdocs\crypto\microstructure_bot\data\trades\BTC_USDT_SWAP\2026-07-11.parquet (total 11050)
22:42:19 INFO Appended 180 rows -> C:\xampp\htdocs\crypto\microstructure_bot\data\trades\ETH_USDT_SWAP\2026-07-11.parquet (total 19345)
22:42:19 INFO Appended 20 rows -> C:\xampp\htdocs\crypto\microstructure_bot\data\trades\SOL_USDT_SWAP\2026-07-11.parquet (total 2694)
22:42:19 INFO Periodic flush: 1809 rows
22:42:51 INFO Appended 214 rows -> C:\xampp\htdocs\crypto\microstructure_bot\data\ticker\ETH_USDT_SWAP\2026-07-11.parquet (total 20637)
22:42:52 INFO Appended 212 rows -> C:\xampp\htdocs\crypto\microstructure_bot\data\ticker\BTC_USDT_SWAP\2026-07-11.parquet (total 20451)
22:42:52 INFO Appended 209 rows -> C:\xampp\htdocs\crypto\microstructure_bot\data\ticker\SOL_USDT_SWAP\2026-07-11.parquet (total 20441)
22:42:52 INFO Appended 329 rows -> C:\xampp\htdocs\crypto\microstructure_bot\data\orderbook\ETH_USDT_SWAP\2026-07-11.parquet (total 32095)
22:42:52 INFO Appended 322 rows -> C:\xampp\htdocs\crypto\microstructure_bot\data\orderbook\BTC_USDT_SWAP\2026-07-11.parquet (total 31450)
22:42:52 INFO Appended 292 rows -> C:\xampp\htdocs\crypto\microstructure_bot\data\orderbook\SOL_USDT_SWAP\2026-07-11.parquet (total 28416)
22:42:52 INFO Appended 53 rows -> C:\xampp\htdocs\crypto\microstructure_bot\data\trades\ETH_USDT_SWAP\2026-07-11.parquet (total 19398)
22:42:52 INFO Appended 63 rows -> C:\xampp\htdocs\crypto\microstructure_bot\data\trades\BTC_USDT_SWAP\2026-07-11.parquet (total 11113)
22:42:52 INFO Appended 20 rows -> C:\xampp\htdocs\crypto\microstructure_bot\data\trades\SOL_USDT_SWAP\2026-07-11.parquet (total 2714)
22:42:52 INFO Periodic flush: 1714 rows
22:43:25 INFO Appended 330 rows -> C:\xampp\htdocs\crypto\microstructure_bot\data\orderbook\ETH_USDT_SWAP\2026-07-11.parquet (total 32425)
22:43:25 INFO Appended 71 rows -> C:\xampp\htdocs\crypto\microstructure_bot\data\trades\ETH_USDT_SWAP\2026-07-11.parquet (total 19469)
22:43:25 INFO Appended 320 rows -> C:\xampp\htdocs\crypto\microstructure_bot\data\orderbook\BTC_USDT_SWAP\2026-07-11.parquet (total 31770)
22:43:26 INFO Appended 296 rows -> C:\xampp\htdocs\crypto\microstructure_bot\data\orderbook\SOL_USDT_SWAP\2026-07-11.parquet (total 28712)
22:43:26 INFO Appended 209 rows -> C:\xampp\htdocs\crypto\microstructure_bot\data\ticker\BTC_USDT_SWAP\2026-07-11.parquet (total 20660)
22:43:26 INFO Appended 209 rows -> C:\xampp\htdocs\crypto\microstructure_bot\data\ticker\SOL_USDT_SWAP\2026-07-11.parquet (total 20650)
22:43:26 INFO Appended 214 rows -> C:\xampp\htdocs\crypto\microstructure_bot\data\ticker\ETH_USDT_SWAP\2026-07-11.parquet (total 20851)
22:43:26 INFO Appended 91 rows -> C:\xampp\htdocs\crypto\microstructure_bot\data\trades\BTC_USDT_SWAP\2026-07-11.parquet (total 11204)
22:43:26 INFO Appended 21 rows -> C:\xampp\htdocs\crypto\microstructure_bot\data\trades\SOL_USDT_SWAP\2026-07-11.parquet (total 2735)
22:43:26 INFO Periodic flush: 1761 rows
22:43:58 INFO Appended 331 rows -> C:\xampp\htdocs\crypto\microstructure_bot\data\orderbook\ETH_USDT_SWAP\2026-07-11.parquet (total 32756)
22:43:59 INFO Appended 314 rows -> C:\xampp\htdocs\crypto\microstructure_bot\data\orderbook\BTC_USDT_SWAP\2026-07-11.parquet (total 32084)
22:43:59 INFO Appended 208 rows -> C:\xampp\htdocs\crypto\microstructure_bot\data\ticker\BTC_USDT_SWAP\2026-07-11.parquet (total 20868)
22:43:59 INFO Appended 204 rows -> C:\xampp\htdocs\crypto\microstructure_bot\data\ticker\SOL_USDT_SWAP\2026-07-11.parquet (total 20854)
22:43:59 INFO Appended 220 rows -> C:\xampp\htdocs\crypto\microstructure_bot\data\ticker\ETH_USDT_SWAP\2026-07-11.parquet (total 21071)
22:43:59 INFO Appended 92 rows -> C:\xampp\htdocs\crypto\microstructure_bot\data\trades\ETH_USDT_SWAP\2026-07-11.parquet (total 19561)
22:43:59 INFO Appended 278 rows -> C:\xampp\htdocs\crypto\microstructure_bot\data\orderbook\SOL_USDT_SWAP\2026-07-11.parquet (total 28990)
22:43:59 INFO Appended 18 rows -> C:\xampp\htdocs\crypto\microstructure_bot\data\trades\BTC_USDT_SWAP\2026-07-11.parquet (total 11222)
22:43:59 INFO Appended 17 rows -> C:\xampp\htdocs\crypto\microstructure_bot\data\trades\SOL_USDT_SWAP\2026-07-11.parquet (total 2752)
22:43:59 INFO Periodic flush: 1682 rows
22:44:32 INFO Appended 212 rows -> C:\xampp\htdocs\crypto\microstructure_bot\data\ticker\SOL_USDT_SWAP\2026-07-11.parquet (total 21066)
22:44:32 INFO Appended 216 rows -> C:\xampp\htdocs\crypto\microstructure_bot\data\ticker\BTC_USDT_SWAP\2026-07-11.parquet (total 21084)
22:44:32 INFO Appended 331 rows -> C:\xampp\htdocs\crypto\microstructure_bot\data\orderbook\ETH_USDT_SWAP\2026-07-11.parquet (total 33087)
22:44:32 INFO Appended 321 rows -> C:\xampp\htdocs\crypto\microstructure_bot\data\orderbook\BTC_USDT_SWAP\2026-07-11.parquet (total 32405)
22:44:33 INFO Appended 282 rows -> C:\xampp\htdocs\crypto\microstructure_bot\data\orderbook\SOL_USDT_SWAP\2026-07-11.parquet (total 29272)
22:44:33 INFO Appended 217 rows -> C:\xampp\htdocs\crypto\microstructure_bot\data\ticker\ETH_USDT_SWAP\2026-07-11.parquet (total 21288)
22:44:33 INFO Appended 137 rows -> C:\xampp\htdocs\crypto\microstructure_bot\data\trades\ETH_USDT_SWAP\2026-07-11.parquet (total 19698)
22:44:33 INFO Appended 48 rows -> C:\xampp\htdocs\crypto\microstructure_bot\data\trades\BTC_USDT_SWAP\2026-07-11.parquet (total 11270)
22:44:33 INFO Appended 14 rows -> C:\xampp\htdocs\crypto\microstructure_bot\data\trades\SOL_USDT_SWAP\2026-07-11.parquet (total 2766)
22:44:33 INFO Periodic flush: 1778 rows
22:45:06 INFO Appended 336 rows -> C:\xampp\htdocs\crypto\microstructure_bot\data\orderbook\ETH_USDT_SWAP\2026-07-11.parquet (total 33423)
22:45:06 INFO Appended 221 rows -> C:\xampp\htdocs\crypto\microstructure_bot\data\ticker\ETH_USDT_SWAP\2026-07-11.parquet (total 21509)
22:45:07 INFO Appended 325 rows -> C:\xampp\htdocs\crypto\microstructure_bot\data\orderbook\BTC_USDT_SWAP\2026-07-11.parquet (total 32730)
22:45:07 INFO Appended 294 rows -> C:\xampp\htdocs\crypto\microstructure_bot\data\orderbook\SOL_USDT_SWAP\2026-07-11.parquet (total 29566)
22:45:07 INFO Appended 215 rows -> C:\xampp\htdocs\crypto\microstructure_bot\data\ticker\SOL_USDT_SWAP\2026-07-11.parquet (total 21281)
22:45:07 INFO Appended 217 rows -> C:\xampp\htdocs\crypto\microstructure_bot\data\ticker\BTC_USDT_SWAP\2026-07-11.parquet (total 21301)
22:45:07 INFO Appended 977 rows -> C:\xampp\htdocs\crypto\microstructure_bot\data\trades\ETH_USDT_SWAP\2026-07-11.parquet (total 20675)
22:45:07 INFO Appended 206 rows -> C:\xampp\htdocs\crypto\microstructure_bot\data\trades\BTC_USDT_SWAP\2026-07-11.parquet (total 11476)
22:45:07 INFO Appended 83 rows -> C:\xampp\htdocs\crypto\microstructure_bot\data\trades\SOL_USDT_SWAP\2026-07-11.parquet (total 2849)
22:45:07 INFO Periodic flush: 2874 rows
22:45:41 INFO Appended 351 rows -> C:\xampp\htdocs\crypto\microstructure_bot\data\orderbook\ETH_USDT_SWAP\2026-07-11.parquet (total 33774)
22:45:41 INFO Appended 337 rows -> C:\xampp\htdocs\crypto\microstructure_bot\data\orderbook\BTC_USDT_SWAP\2026-07-11.parquet (total 33067)
22:45:41 INFO Appended 303 rows -> C:\xampp\htdocs\crypto\microstructure_bot\data\orderbook\SOL_USDT_SWAP\2026-07-11.parquet (total 29869)
22:45:42 INFO Appended 217 rows -> C:\xampp\htdocs\crypto\microstructure_bot\data\ticker\BTC_USDT_SWAP\2026-07-11.parquet (total 21518)
22:45:42 INFO Appended 230 rows -> C:\xampp\htdocs\crypto\microstructure_bot\data\ticker\ETH_USDT_SWAP\2026-07-11.parquet (total 21739)
22:45:42 INFO Appended 220 rows -> C:\xampp\htdocs\crypto\microstructure_bot\data\ticker\SOL_USDT_SWAP\2026-07-11.parquet (total 21501)
22:45:42 INFO Appended 488 rows -> C:\xampp\htdocs\crypto\microstructure_bot\data\trades\ETH_USDT_SWAP\2026-07-11.parquet (total 21163)
22:45:42 INFO Appended 169 rows -> C:\xampp\htdocs\crypto\microstructure_bot\data\trades\BTC_USDT_SWAP\2026-07-11.parquet (total 11645)
22:45:42 INFO Appended 27 rows -> C:\xampp\htdocs\crypto\microstructure_bot\data\trades\SOL_USDT_SWAP\2026-07-11.parquet (total 2876)
22:45:42 INFO Periodic flush: 2342 rows
22:46:15 INFO Appended 215 rows -> C:\xampp\htdocs\crypto\microstructure_bot\data\ticker\BTC_USDT_SWAP\2026-07-11.parquet (total 21733)
22:46:15 INFO Appended 226 rows -> C:\xampp\htdocs\crypto\microstructure_bot\data\ticker\SOL_USDT_SWAP\2026-07-11.parquet (total 21727)
22:46:15 INFO Appended 222 rows -> C:\xampp\htdocs\crypto\microstructure_bot\data\ticker\ETH_USDT_SWAP\2026-07-11.parquet (total 21961)
22:46:15 INFO Appended 344 rows -> C:\xampp\htdocs\crypto\microstructure_bot\data\orderbook\ETH_USDT_SWAP\2026-07-11.parquet (total 34118)
22:46:16 INFO Appended 343 rows -> C:\xampp\htdocs\crypto\microstructure_bot\data\orderbook\BTC_USDT_SWAP\2026-07-11.parquet (total 33410)
22:46:16 INFO Appended 319 rows -> C:\xampp\htdocs\crypto\microstructure_bot\data\orderbook\SOL_USDT_SWAP\2026-07-11.parquet (total 30188)
22:46:16 INFO Appended 409 rows -> C:\xampp\htdocs\crypto\microstructure_bot\data\trades\ETH_USDT_SWAP\2026-07-11.parquet (total 21572)
22:46:16 INFO Appended 32 rows -> C:\xampp\htdocs\crypto\microstructure_bot\data\trades\SOL_USDT_SWAP\2026-07-11.parquet (total 2908)
22:46:16 INFO Appended 59 rows -> C:\xampp\htdocs\crypto\microstructure_bot\data\trades\BTC_USDT_SWAP\2026-07-11.parquet (total 11704)
22:46:16 INFO Periodic flush: 2169 rows
22:46:49 INFO Appended 331 rows -> C:\xampp\htdocs\crypto\microstructure_bot\data\orderbook\BTC_USDT_SWAP\2026-07-11.parquet (total 33741)
22:46:50 INFO Appended 294 rows -> C:\xampp\htdocs\crypto\microstructure_bot\data\orderbook\SOL_USDT_SWAP\2026-07-11.parquet (total 30482)
22:46:50 INFO Appended 119 rows -> C:\xampp\htdocs\crypto\microstructure_bot\data\trades\ETH_USDT_SWAP\2026-07-11.parquet (total 21691)
22:46:50 INFO Appended 218 rows -> C:\xampp\htdocs\crypto\microstructure_bot\data\ticker\SOL_USDT_SWAP\2026-07-11.parquet (total 21945)
22:46:50 INFO Appended 218 rows -> C:\xampp\htdocs\crypto\microstructure_bot\data\ticker\BTC_USDT_SWAP\2026-07-11.parquet (total 21951)
22:46:50 INFO Appended 337 rows -> C:\xampp\htdocs\crypto\microstructure_bot\data\orderbook\ETH_USDT_SWAP\2026-07-11.parquet (total 34455)
22:46:50 INFO Appended 216 rows -> C:\xampp\htdocs\crypto\microstructure_bot\data\ticker\ETH_USDT_SWAP\2026-07-11.parquet (total 22177)
22:46:50 INFO Appended 119 rows -> C:\xampp\htdocs\crypto\microstructure_bot\data\trades\BTC_USDT_SWAP\2026-07-11.parquet (total 11823)
22:46:51 INFO Appended 20 rows -> C:\xampp\htdocs\crypto\microstructure_bot\data\trades\SOL_USDT_SWAP\2026-07-11.parquet (total 2928)
22:46:51 INFO Periodic flush: 1872 rows
22:47:24 INFO Appended 340 rows -> C:\xampp\htdocs\crypto\microstructure_bot\data\orderbook\ETH_USDT_SWAP\2026-07-11.parquet (total 34795)
22:47:24 INFO Appended 286 rows -> C:\xampp\htdocs\crypto\microstructure_bot\data\orderbook\SOL_USDT_SWAP\2026-07-11.parquet (total 30768)
22:47:24 INFO Appended 342 rows -> C:\xampp\htdocs\crypto\microstructure_bot\data\orderbook\BTC_USDT_SWAP\2026-07-11.parquet (total 34083)
22:47:24 INFO Appended 221 rows -> C:\xampp\htdocs\crypto\microstructure_bot\data\ticker\ETH_USDT_SWAP\2026-07-11.parquet (total 22398)
22:47:24 INFO Appended 214 rows -> C:\xampp\htdocs\crypto\microstructure_bot\data\ticker\BTC_USDT_SWAP\2026-07-11.parquet (total 22165)
22:47:24 INFO Appended 217 rows -> C:\xampp\htdocs\crypto\microstructure_bot\data\ticker\SOL_USDT_SWAP\2026-07-11.parquet (total 22162)
22:47:25 INFO Appended 45 rows -> C:\xampp\htdocs\crypto\microstructure_bot\data\trades\ETH_USDT_SWAP\2026-07-11.parquet (total 21736)
22:47:25 INFO Appended 14 rows -> C:\xampp\htdocs\crypto\microstructure_bot\data\trades\BTC_USDT_SWAP\2026-07-11.parquet (total 11837)
22:47:25 INFO Appended 13 rows -> C:\xampp\htdocs\crypto\microstructure_bot\data\trades\SOL_USDT_SWAP\2026-07-11.parquet (total 2941)
22:47:25 INFO Periodic flush: 1692 rows
22:47:58 INFO Appended 213 rows -> C:\xampp\htdocs\crypto\microstructure_bot\data\ticker\SOL_USDT_SWAP\2026-07-11.parquet (total 22375)
22:47:58 INFO Appended 225 rows -> C:\xampp\htdocs\crypto\microstructure_bot\data\ticker\BTC_USDT_SWAP\2026-07-11.parquet (total 22390)
22:47:58 INFO Appended 220 rows -> C:\xampp\htdocs\crypto\microstructure_bot\data\ticker\ETH_USDT_SWAP\2026-07-11.parquet (total 22618)
22:47:58 INFO Appended 136 rows -> C:\xampp\htdocs\crypto\microstructure_bot\data\trades\ETH_USDT_SWAP\2026-07-11.parquet (total 21872)
22:47:59 INFO Appended 340 rows -> C:\xampp\htdocs\crypto\microstructure_bot\data\orderbook\ETH_USDT_SWAP\2026-07-11.parquet (total 35135)
22:47:59 INFO Appended 296 rows -> C:\xampp\htdocs\crypto\microstructure_bot\data\orderbook\SOL_USDT_SWAP\2026-07-11.parquet (total 31064)
22:47:59 INFO Appended 332 rows -> C:\xampp\htdocs\crypto\microstructure_bot\data\orderbook\BTC_USDT_SWAP\2026-07-11.parquet (total 34415)
22:47:59 INFO Appended 98 rows -> C:\xampp\htdocs\crypto\microstructure_bot\data\trades\BTC_USDT_SWAP\2026-07-11.parquet (total 11935)
22:47:59 INFO Appended 31 rows -> C:\xampp\htdocs\crypto\microstructure_bot\data\trades\SOL_USDT_SWAP\2026-07-11.parquet (total 2972)
22:47:59 INFO Periodic flush: 1891 rows
22:48:32 INFO Appended 219 rows -> C:\xampp\htdocs\crypto\microstructure_bot\data\ticker\SOL_USDT_SWAP\2026-07-11.parquet (total 22594)
22:48:32 INFO Appended 336 rows -> C:\xampp\htdocs\crypto\microstructure_bot\data\orderbook\ETH_USDT_SWAP\2026-07-11.parquet (total 35471)
22:48:32 INFO Appended 316 rows -> C:\xampp\htdocs\crypto\microstructure_bot\data\orderbook\BTC_USDT_SWAP\2026-07-11.parquet (total 34731)
22:48:33 INFO Appended 300 rows -> C:\xampp\htdocs\crypto\microstructure_bot\data\orderbook\SOL_USDT_SWAP\2026-07-11.parquet (total 31364)
22:48:33 INFO Appended 219 rows -> C:\xampp\htdocs\crypto\microstructure_bot\data\ticker\BTC_USDT_SWAP\2026-07-11.parquet (total 22609)
22:48:33 INFO Appended 214 rows -> C:\xampp\htdocs\crypto\microstructure_bot\data\ticker\ETH_USDT_SWAP\2026-07-11.parquet (total 22832)
22:48:33 INFO Appended 14 rows -> C:\xampp\htdocs\crypto\microstructure_bot\data\trades\SOL_USDT_SWAP\2026-07-11.parquet (total 2986)
22:48:33 INFO Appended 150 rows -> C:\xampp\htdocs\crypto\microstructure_bot\data\trades\ETH_USDT_SWAP\2026-07-11.parquet (total 22022)
22:48:33 INFO Appended 174 rows -> C:\xampp\htdocs\crypto\microstructure_bot\data\trades\BTC_USDT_SWAP\2026-07-11.parquet (total 12109)
22:48:33 INFO Periodic flush: 1942 rows
22:49:06 INFO Appended 213 rows -> C:\xampp\htdocs\crypto\microstructure_bot\data\ticker\ETH_USDT_SWAP\2026-07-11.parquet (total 23045)
22:49:07 INFO Appended 332 rows -> C:\xampp\htdocs\crypto\microstructure_bot\data\orderbook\ETH_USDT_SWAP\2026-07-11.parquet (total 35803)
22:49:07 INFO Appended 326 rows -> C:\xampp\htdocs\crypto\microstructure_bot\data\orderbook\BTC_USDT_SWAP\2026-07-11.parquet (total 35057)
22:49:07 INFO Appended 303 rows -> C:\xampp\htdocs\crypto\microstructure_bot\data\orderbook\SOL_USDT_SWAP\2026-07-11.parquet (total 31667)
22:49:07 INFO Appended 216 rows -> C:\xampp\htdocs\crypto\microstructure_bot\data\ticker\BTC_USDT_SWAP\2026-07-11.parquet (total 22825)
22:49:07 INFO Appended 216 rows -> C:\xampp\htdocs\crypto\microstructure_bot\data\ticker\SOL_USDT_SWAP\2026-07-11.parquet (total 22810)
22:49:07 INFO Appended 51 rows -> C:\xampp\htdocs\crypto\microstructure_bot\data\trades\ETH_USDT_SWAP\2026-07-11.parquet (total 22073)
22:49:07 INFO Appended 21 rows -> C:\xampp\htdocs\crypto\microstructure_bot\data\trades\SOL_USDT_SWAP\2026-07-11.parquet (total 3007)
22:49:07 INFO Appended 17 rows -> C:\xampp\htdocs\crypto\microstructure_bot\data\trades\BTC_USDT_SWAP\2026-07-11.parquet (total 12126)
22:49:07 INFO Periodic flush: 1695 rows
22:49:42 INFO Appended 347 rows -> C:\xampp\htdocs\crypto\microstructure_bot\data\orderbook\ETH_USDT_SWAP\2026-07-11.parquet (total 36150)
22:49:42 INFO Appended 335 rows -> C:\xampp\htdocs\crypto\microstructure_bot\data\orderbook\BTC_USDT_SWAP\2026-07-11.parquet (total 35392)
22:49:42 INFO Appended 297 rows -> C:\xampp\htdocs\crypto\microstructure_bot\data\orderbook\SOL_USDT_SWAP\2026-07-11.parquet (total 31964)
22:49:42 INFO Appended 221 rows -> C:\xampp\htdocs\crypto\microstructure_bot\data\ticker\BTC_USDT_SWAP\2026-07-11.parquet (total 23046)
22:49:42 INFO Appended 225 rows -> C:\xampp\htdocs\crypto\microstructure_bot\data\ticker\ETH_USDT_SWAP\2026-07-11.parquet (total 23270)
22:49:42 INFO Appended 221 rows -> C:\xampp\htdocs\crypto\microstructure_bot\data\ticker\SOL_USDT_SWAP\2026-07-11.parquet (total 23031)
22:49:42 INFO Appended 17 rows -> C:\xampp\htdocs\crypto\microstructure_bot\data\trades\BTC_USDT_SWAP\2026-07-11.parquet (total 12143)
22:49:42 INFO Appended 13 rows -> C:\xampp\htdocs\crypto\microstructure_bot\data\trades\SOL_USDT_SWAP\2026-07-11.parquet (total 3020)
22:49:42 INFO Appended 143 rows -> C:\xampp\htdocs\crypto\microstructure_bot\data\trades\ETH_USDT_SWAP\2026-07-11.parquet (total 22216)
22:49:42 INFO Periodic flush: 1819 rows
22:50:19 INFO Appended 241 rows -> C:\xampp\htdocs\crypto\microstructure_bot\data\ticker\SOL_USDT_SWAP\2026-07-11.parquet (total 23272)
22:50:19 INFO Appended 241 rows -> C:\xampp\htdocs\crypto\microstructure_bot\data\ticker\BTC_USDT_SWAP\2026-07-11.parquet (total 23287)
22:50:19 INFO Appended 242 rows -> C:\xampp\htdocs\crypto\microstructure_bot\data\ticker\ETH_USDT_SWAP\2026-07-11.parquet (total 23512)
22:50:20 INFO Appended 375 rows -> C:\xampp\htdocs\crypto\microstructure_bot\data\orderbook\ETH_USDT_SWAP\2026-07-11.parquet (total 36525)
22:50:20 INFO Appended 304 rows -> C:\xampp\htdocs\crypto\microstructure_bot\data\orderbook\SOL_USDT_SWAP\2026-07-11.parquet (total 32268)
22:50:20 INFO Appended 354 rows -> C:\xampp\htdocs\crypto\microstructure_bot\data\orderbook\BTC_USDT_SWAP\2026-07-11.parquet (total 35746)
22:50:20 INFO Appended 94 rows -> C:\xampp\htdocs\crypto\microstructure_bot\data\trades\ETH_USDT_SWAP\2026-07-11.parquet (total 22310)
22:50:20 INFO Appended 14 rows -> C:\xampp\htdocs\crypto\microstructure_bot\data\trades\SOL_USDT_SWAP\2026-07-11.parquet (total 3034)
22:50:20 INFO Appended 41 rows -> C:\xampp\htdocs\crypto\microstructure_bot\data\trades\BTC_USDT_SWAP\2026-07-11.parquet (total 12184)
22:50:20 INFO Periodic flush: 1906 rows
22:50:54 INFO Appended 124 rows -> C:\xampp\htdocs\crypto\microstructure_bot\data\trades\ETH_USDT_SWAP\2026-07-11.parquet (total 22434)
22:50:54 INFO Appended 213 rows -> C:\xampp\htdocs\crypto\microstructure_bot\data\ticker\BTC_USDT_SWAP\2026-07-11.parquet (total 23500)
22:50:54 INFO Appended 218 rows -> C:\xampp\htdocs\crypto\microstructure_bot\data\ticker\ETH_USDT_SWAP\2026-07-11.parquet (total 23730)
22:50:54 INFO Appended 340 rows -> C:\xampp\htdocs\crypto\microstructure_bot\data\orderbook\ETH_USDT_SWAP\2026-07-11.parquet (total 36865)
22:50:54 INFO Appended 327 rows -> C:\xampp\htdocs\crypto\microstructure_bot\data\orderbook\BTC_USDT_SWAP\2026-07-11.parquet (total 36073)
22:50:54 INFO Appended 306 rows -> C:\xampp\htdocs\crypto\microstructure_bot\data\orderbook\SOL_USDT_SWAP\2026-07-11.parquet (total 32574)
22:50:54 INFO Appended 214 rows -> C:\xampp\htdocs\crypto\microstructure_bot\data\ticker\SOL_USDT_SWAP\2026-07-11.parquet (total 23486)
22:50:54 INFO Appended 15 rows -> C:\xampp\htdocs\crypto\microstructure_bot\data\trades\SOL_USDT_SWAP\2026-07-11.parquet (total 3049)
22:50:54 INFO Appended 27 rows -> C:\xampp\htdocs\crypto\microstructure_bot\data\trades\BTC_USDT_SWAP\2026-07-11.parquet (total 12211)
22:50:54 INFO Periodic flush: 1784 rows
22:51:28 INFO Appended 218 rows -> C:\xampp\htdocs\crypto\microstructure_bot\data\ticker\BTC_USDT_SWAP\2026-07-11.parquet (total 23718)
22:51:28 INFO Appended 216 rows -> C:\xampp\htdocs\crypto\microstructure_bot\data\ticker\ETH_USDT_SWAP\2026-07-11.parquet (total 23946)
22:51:28 INFO Appended 341 rows -> C:\xampp\htdocs\crypto\microstructure_bot\data\orderbook\ETH_USDT_SWAP\2026-07-11.parquet (total 37206)
22:51:29 INFO Appended 315 rows -> C:\xampp\htdocs\crypto\microstructure_bot\data\orderbook\SOL_USDT_SWAP\2026-07-11.parquet (total 32889)
22:51:30 INFO Appended 321 rows -> C:\xampp\htdocs\crypto\microstructure_bot\data\orderbook\BTC_USDT_SWAP\2026-07-11.parquet (total 36394)
22:51:30 INFO Appended 212 rows -> C:\xampp\htdocs\crypto\microstructure_bot\data\ticker\SOL_USDT_SWAP\2026-07-11.parquet (total 23698)
22:51:30 INFO Appended 168 rows -> C:\xampp\htdocs\crypto\microstructure_bot\data\trades\ETH_USDT_SWAP\2026-07-11.parquet (total 22602)
22:51:30 INFO Appended 18 rows -> C:\xampp\htdocs\crypto\microstructure_bot\data\trades\BTC_USDT_SWAP\2026-07-11.parquet (total 12229)
22:51:30 INFO Appended 27 rows -> C:\xampp\htdocs\crypto\microstructure_bot\data\trades\SOL_USDT_SWAP\2026-07-11.parquet (total 3076)
22:51:30 INFO Periodic flush: 1836 rows
22:52:07 INFO Appended 380 rows -> C:\xampp\htdocs\crypto\microstructure_bot\data\orderbook\ETH_USDT_SWAP\2026-07-11.parquet (total 37586)
22:52:07 INFO Appended 351 rows -> C:\xampp\htdocs\crypto\microstructure_bot\data\orderbook\BTC_USDT_SWAP\2026-07-11.parquet (total 36745)
22:52:07 INFO Appended 327 rows -> C:\xampp\htdocs\crypto\microstructure_bot\data\orderbook\SOL_USDT_SWAP\2026-07-11.parquet (total 33216)
22:52:07 INFO Appended 240 rows -> C:\xampp\htdocs\crypto\microstructure_bot\data\ticker\SOL_USDT_SWAP\2026-07-11.parquet (total 23938)
22:52:07 INFO Appended 22 rows -> C:\xampp\htdocs\crypto\microstructure_bot\data\trades\SOL_USDT_SWAP\2026-07-11.parquet (total 3098)
22:52:07 INFO Appended 238 rows -> C:\xampp\htdocs\crypto\microstructure_bot\data\ticker\BTC_USDT_SWAP\2026-07-11.parquet (total 23956)
22:52:07 INFO Appended 247 rows -> C:\xampp\htdocs\crypto\microstructure_bot\data\ticker\ETH_USDT_SWAP\2026-07-11.parquet (total 24193)
22:52:07 INFO Appended 138 rows -> C:\xampp\htdocs\crypto\microstructure_bot\data\trades\ETH_USDT_SWAP\2026-07-11.parquet (total 22740)
22:52:07 INFO Appended 108 rows -> C:\xampp\htdocs\crypto\microstructure_bot\data\trades\BTC_USDT_SWAP\2026-07-11.parquet (total 12337)
22:52:07 INFO Periodic flush: 2051 rows
22:52:41 INFO Appended 344 rows -> C:\xampp\htdocs\crypto\microstructure_bot\data\orderbook\ETH_USDT_SWAP\2026-07-11.parquet (total 37930)
22:52:42 INFO Appended 338 rows -> C:\xampp\htdocs\crypto\microstructure_bot\data\orderbook\BTC_USDT_SWAP\2026-07-11.parquet (total 37083)
22:52:42 INFO Appended 310 rows -> C:\xampp\htdocs\crypto\microstructure_bot\data\orderbook\SOL_USDT_SWAP\2026-07-11.parquet (total 33526)
22:52:42 INFO Appended 208 rows -> C:\xampp\htdocs\crypto\microstructure_bot\data\ticker\SOL_USDT_SWAP\2026-07-11.parquet (total 24146)
22:52:42 INFO Appended 219 rows -> C:\xampp\htdocs\crypto\microstructure_bot\data\ticker\BTC_USDT_SWAP\2026-07-11.parquet (total 24175)
22:52:42 INFO Appended 218 rows -> C:\xampp\htdocs\crypto\microstructure_bot\data\ticker\ETH_USDT_SWAP\2026-07-11.parquet (total 24411)
22:52:42 INFO Appended 32 rows -> C:\xampp\htdocs\crypto\microstructure_bot\data\trades\BTC_USDT_SWAP\2026-07-11.parquet (total 12369)
22:52:42 INFO Appended 7 rows -> C:\xampp\htdocs\crypto\microstructure_bot\data\trades\SOL_USDT_SWAP\2026-07-11.parquet (total 3105)
22:52:42 INFO Appended 113 rows -> C:\xampp\htdocs\crypto\microstructure_bot\data\trades\ETH_USDT_SWAP\2026-07-11.parquet (total 22853)
22:52:42 INFO Periodic flush: 1789 rows
22:53:16 INFO Appended 347 rows -> C:\xampp\htdocs\crypto\microstructure_bot\data\orderbook\ETH_USDT_SWAP\2026-07-11.parquet (total 38277)
22:53:16 INFO Appended 340 rows -> C:\xampp\htdocs\crypto\microstructure_bot\data\orderbook\BTC_USDT_SWAP\2026-07-11.parquet (total 37423)
22:53:17 INFO Appended 321 rows -> C:\xampp\htdocs\crypto\microstructure_bot\data\orderbook\SOL_USDT_SWAP\2026-07-11.parquet (total 33847)
22:53:17 INFO Appended 31 rows -> C:\xampp\htdocs\crypto\microstructure_bot\data\trades\BTC_USDT_SWAP\2026-07-11.parquet (total 12400)
22:53:17 INFO Appended 218 rows -> C:\xampp\htdocs\crypto\microstructure_bot\data\ticker\SOL_USDT_SWAP\2026-07-11.parquet (total 24364)
22:53:17 INFO Appended 220 rows -> C:\xampp\htdocs\crypto\microstructure_bot\data\ticker\ETH_USDT_SWAP\2026-07-11.parquet (total 24631)
22:53:17 INFO Appended 216 rows -> C:\xampp\htdocs\crypto\microstructure_bot\data\ticker\BTC_USDT_SWAP\2026-07-11.parquet (total 24391)
22:53:17 INFO Appended 208 rows -> C:\xampp\htdocs\crypto\microstructure_bot\data\trades\ETH_USDT_SWAP\2026-07-11.parquet (total 23061)
22:53:17 INFO Appended 26 rows -> C:\xampp\htdocs\crypto\microstructure_bot\data\trades\SOL_USDT_SWAP\2026-07-11.parquet (total 3131)
22:53:17 INFO Periodic flush: 1927 rows
22:53:51 INFO Appended 344 rows -> C:\xampp\htdocs\crypto\microstructure_bot\data\orderbook\ETH_USDT_SWAP\2026-07-11.parquet (total 38621)
22:53:51 INFO Appended 326 rows -> C:\xampp\htdocs\crypto\microstructure_bot\data\orderbook\BTC_USDT_SWAP\2026-07-11.parquet (total 37749)
22:53:51 INFO Appended 307 rows -> C:\xampp\htdocs\crypto\microstructure_bot\data\orderbook\SOL_USDT_SWAP\2026-07-11.parquet (total 34154)
22:53:51 INFO Appended 225 rows -> C:\xampp\htdocs\crypto\microstructure_bot\data\ticker\ETH_USDT_SWAP\2026-07-11.parquet (total 24856)
22:53:51 INFO Appended 214 rows -> C:\xampp\htdocs\crypto\microstructure_bot\data\ticker\BTC_USDT_SWAP\2026-07-11.parquet (total 24605)
22:53:51 INFO Appended 214 rows -> C:\xampp\htdocs\crypto\microstructure_bot\data\ticker\SOL_USDT_SWAP\2026-07-11.parquet (total 24578)
22:53:51 INFO Appended 41 rows -> C:\xampp\htdocs\crypto\microstructure_bot\data\trades\BTC_USDT_SWAP\2026-07-11.parquet (total 12441)
22:53:51 INFO Appended 71 rows -> C:\xampp\htdocs\crypto\microstructure_bot\data\trades\ETH_USDT_SWAP\2026-07-11.parquet (total 23132)
22:53:51 INFO Appended 16 rows -> C:\xampp\htdocs\crypto\microstructure_bot\data\trades\SOL_USDT_SWAP\2026-07-11.parquet (total 3147)
22:53:51 INFO Periodic flush: 1758 rows
22:54:25 INFO Appended 343 rows -> C:\xampp\htdocs\crypto\microstructure_bot\data\orderbook\ETH_USDT_SWAP\2026-07-11.parquet (total 38964)
22:54:25 INFO Appended 334 rows -> C:\xampp\htdocs\crypto\microstructure_bot\data\orderbook\BTC_USDT_SWAP\2026-07-11.parquet (total 38083)
22:54:26 INFO Appended 304 rows -> C:\xampp\htdocs\crypto\microstructure_bot\data\orderbook\SOL_USDT_SWAP\2026-07-11.parquet (total 34458)
22:54:26 INFO Appended 218 rows -> C:\xampp\htdocs\crypto\microstructure_bot\data\ticker\SOL_USDT_SWAP\2026-07-11.parquet (total 24796)
22:54:26 INFO Appended 216 rows -> C:\xampp\htdocs\crypto\microstructure_bot\data\ticker\ETH_USDT_SWAP\2026-07-11.parquet (total 25072)
22:54:26 INFO Appended 220 rows -> C:\xampp\htdocs\crypto\microstructure_bot\data\ticker\BTC_USDT_SWAP\2026-07-11.parquet (total 24825)
22:54:26 INFO Appended 104 rows -> C:\xampp\htdocs\crypto\microstructure_bot\data\trades\BTC_USDT_SWAP\2026-07-11.parquet (total 12545)
22:54:26 INFO Appended 20 rows -> C:\xampp\htdocs\crypto\microstructure_bot\data\trades\SOL_USDT_SWAP\2026-07-11.parquet (total 3167)
22:54:26 INFO Appended 122 rows -> C:\xampp\htdocs\crypto\microstructure_bot\data\trades\ETH_USDT_SWAP\2026-07-11.parquet (total 23254)
22:54:26 INFO Periodic flush: 1881 rows
22:55:00 INFO Appended 221 rows -> C:\xampp\htdocs\crypto\microstructure_bot\data\ticker\ETH_USDT_SWAP\2026-07-11.parquet (total 25293)
22:55:00 INFO Appended 215 rows -> C:\xampp\htdocs\crypto\microstructure_bot\data\ticker\BTC_USDT_SWAP\2026-07-11.parquet (total 25040)
22:55:00 INFO Appended 346 rows -> C:\xampp\htdocs\crypto\microstructure_bot\data\orderbook\ETH_USDT_SWAP\2026-07-11.parquet (total 39310)
22:55:00 INFO Appended 318 rows -> C:\xampp\htdocs\crypto\microstructure_bot\data\orderbook\BTC_USDT_SWAP\2026-07-11.parquet (total 38401)
22:55:00 INFO Appended 307 rows -> C:\xampp\htdocs\crypto\microstructure_bot\data\orderbook\SOL_USDT_SWAP\2026-07-11.parquet (total 34765)
22:55:00 INFO Appended 221 rows -> C:\xampp\htdocs\crypto\microstructure_bot\data\ticker\SOL_USDT_SWAP\2026-07-11.parquet (total 25017)
22:55:00 INFO Appended 131 rows -> C:\xampp\htdocs\crypto\microstructure_bot\data\trades\ETH_USDT_SWAP\2026-07-11.parquet (total 23385)
22:55:00 INFO Appended 15 rows -> C:\xampp\htdocs\crypto\microstructure_bot\data\trades\SOL_USDT_SWAP\2026-07-11.parquet (total 3182)
22:55:00 INFO Appended 22 rows -> C:\xampp\htdocs\crypto\microstructure_bot\data\trades\BTC_USDT_SWAP\2026-07-11.parquet (total 12567)
22:55:00 INFO Periodic flush: 1796 rows
22:55:34 INFO Appended 336 rows -> C:\xampp\htdocs\crypto\microstructure_bot\data\orderbook\ETH_USDT_SWAP\2026-07-11.parquet (total 39646)
22:55:34 INFO Appended 331 rows -> C:\xampp\htdocs\crypto\microstructure_bot\data\orderbook\BTC_USDT_SWAP\2026-07-11.parquet (total 38732)
22:55:34 INFO Appended 300 rows -> C:\xampp\htdocs\crypto\microstructure_bot\data\orderbook\SOL_USDT_SWAP\2026-07-11.parquet (total 35065)
22:55:35 INFO Appended 224 rows -> C:\xampp\htdocs\crypto\microstructure_bot\data\ticker\ETH_USDT_SWAP\2026-07-11.parquet (total 25517)
22:55:35 INFO Appended 216 rows -> C:\xampp\htdocs\crypto\microstructure_bot\data\ticker\BTC_USDT_SWAP\2026-07-11.parquet (total 25256)
22:55:35 INFO Appended 213 rows -> C:\xampp\htdocs\crypto\microstructure_bot\data\ticker\SOL_USDT_SWAP\2026-07-11.parquet (total 25230)
22:55:35 INFO Appended 41 rows -> C:\xampp\htdocs\crypto\microstructure_bot\data\trades\BTC_USDT_SWAP\2026-07-11.parquet (total 12608)
22:55:35 INFO Appended 29 rows -> C:\xampp\htdocs\crypto\microstructure_bot\data\trades\SOL_USDT_SWAP\2026-07-11.parquet (total 3211)
22:55:35 INFO Appended 129 rows -> C:\xampp\htdocs\crypto\microstructure_bot\data\trades\ETH_USDT_SWAP\2026-07-11.parquet (total 23514)
22:55:35 INFO Periodic flush: 1819 rows
22:56:09 INFO Appended 215 rows -> C:\xampp\htdocs\crypto\microstructure_bot\data\ticker\BTC_USDT_SWAP\2026-07-11.parquet (total 25471)
22:56:09 INFO Appended 219 rows -> C:\xampp\htdocs\crypto\microstructure_bot\data\ticker\SOL_USDT_SWAP\2026-07-11.parquet (total 25449)
22:56:09 INFO Appended 345 rows -> C:\xampp\htdocs\crypto\microstructure_bot\data\orderbook\ETH_USDT_SWAP\2026-07-11.parquet (total 39991)
22:56:09 INFO Appended 330 rows -> C:\xampp\htdocs\crypto\microstructure_bot\data\orderbook\BTC_USDT_SWAP\2026-07-11.parquet (total 39062)
22:56:10 INFO Appended 317 rows -> C:\xampp\htdocs\crypto\microstructure_bot\data\orderbook\SOL_USDT_SWAP\2026-07-11.parquet (total 35382)
22:56:10 INFO Appended 213 rows -> C:\xampp\htdocs\crypto\microstructure_bot\data\ticker\ETH_USDT_SWAP\2026-07-11.parquet (total 25730)
22:56:10 INFO Appended 40 rows -> C:\xampp\htdocs\crypto\microstructure_bot\data\trades\SOL_USDT_SWAP\2026-07-11.parquet (total 3251)
22:56:10 INFO Appended 91 rows -> C:\xampp\htdocs\crypto\microstructure_bot\data\trades\ETH_USDT_SWAP\2026-07-11.parquet (total 23605)
22:56:10 INFO Appended 64 rows -> C:\xampp\htdocs\crypto\microstructure_bot\data\trades\BTC_USDT_SWAP\2026-07-11.parquet (total 12672)
22:56:10 INFO Periodic flush: 1834 rows
22:56:47 INFO Appended 245 rows -> C:\xampp\htdocs\crypto\microstructure_bot\data\ticker\BTC_USDT_SWAP\2026-07-11.parquet (total 25716)
22:56:47 INFO Appended 41 rows -> C:\xampp\htdocs\crypto\microstructure_bot\data\trades\SOL_USDT_SWAP\2026-07-11.parquet (total 3292)
22:56:47 INFO Appended 247 rows -> C:\xampp\htdocs\crypto\microstructure_bot\data\ticker\ETH_USDT_SWAP\2026-07-11.parquet (total 25977)
22:56:47 INFO Appended 379 rows -> C:\xampp\htdocs\crypto\microstructure_bot\data\orderbook\ETH_USDT_SWAP\2026-07-11.parquet (total 40370)
22:56:48 INFO Appended 360 rows -> C:\xampp\htdocs\crypto\microstructure_bot\data\orderbook\BTC_USDT_SWAP\2026-07-11.parquet (total 39422)
22:56:48 INFO Appended 354 rows -> C:\xampp\htdocs\crypto\microstructure_bot\data\orderbook\SOL_USDT_SWAP\2026-07-11.parquet (total 35736)
22:56:48 INFO Appended 241 rows -> C:\xampp\htdocs\crypto\microstructure_bot\data\ticker\SOL_USDT_SWAP\2026-07-11.parquet (total 25690)
22:56:48 INFO Appended 74 rows -> C:\xampp\htdocs\crypto\microstructure_bot\data\trades\ETH_USDT_SWAP\2026-07-11.parquet (total 23679)
22:56:48 INFO Appended 33 rows -> C:\xampp\htdocs\crypto\microstructure_bot\data\trades\BTC_USDT_SWAP\2026-07-11.parquet (total 12705)
22:56:48 INFO Periodic flush: 1974 rows
22:57:22 INFO Appended 340 rows -> C:\xampp\htdocs\crypto\microstructure_bot\data\orderbook\ETH_USDT_SWAP\2026-07-11.parquet (total 40710)
22:57:22 INFO Appended 337 rows -> C:\xampp\htdocs\crypto\microstructure_bot\data\orderbook\BTC_USDT_SWAP\2026-07-11.parquet (total 39759)
22:57:23 INFO Appended 316 rows -> C:\xampp\htdocs\crypto\microstructure_bot\data\orderbook\SOL_USDT_SWAP\2026-07-11.parquet (total 36052)
22:57:23 INFO Appended 220 rows -> C:\xampp\htdocs\crypto\microstructure_bot\data\ticker\ETH_USDT_SWAP\2026-07-11.parquet (total 26197)
22:57:23 INFO Appended 223 rows -> C:\xampp\htdocs\crypto\microstructure_bot\data\ticker\BTC_USDT_SWAP\2026-07-11.parquet (total 25939)
22:57:23 INFO Appended 223 rows -> C:\xampp\htdocs\crypto\microstructure_bot\data\ticker\SOL_USDT_SWAP\2026-07-11.parquet (total 25913)
22:57:23 INFO Appended 19 rows -> C:\xampp\htdocs\crypto\microstructure_bot\data\trades\BTC_USDT_SWAP\2026-07-11.parquet (total 12724)
22:57:23 INFO Appended 50 rows -> C:\xampp\htdocs\crypto\microstructure_bot\data\trades\ETH_USDT_SWAP\2026-07-11.parquet (total 23729)
22:57:23 INFO Appended 51 rows -> C:\xampp\htdocs\crypto\microstructure_bot\data\trades\SOL_USDT_SWAP\2026-07-11.parquet (total 3343)
22:57:23 INFO Periodic flush: 1779 rows
22:57:57 INFO Appended 342 rows -> C:\xampp\htdocs\crypto\microstructure_bot\data\orderbook\ETH_USDT_SWAP\2026-07-11.parquet (total 41052)
22:57:57 INFO Appended 327 rows -> C:\xampp\htdocs\crypto\microstructure_bot\data\orderbook\BTC_USDT_SWAP\2026-07-11.parquet (total 40086)
22:57:57 INFO Appended 312 rows -> C:\xampp\htdocs\crypto\microstructure_bot\data\orderbook\SOL_USDT_SWAP\2026-07-11.parquet (total 36364)
22:57:57 INFO Appended 44 rows -> C:\xampp\htdocs\crypto\microstructure_bot\data\trades\SOL_USDT_SWAP\2026-07-11.parquet (total 3387)
22:57:57 INFO Appended 224 rows -> C:\xampp\htdocs\crypto\microstructure_bot\data\ticker\BTC_USDT_SWAP\2026-07-11.parquet (total 26163)
22:57:58 INFO Appended 221 rows -> C:\xampp\htdocs\crypto\microstructure_bot\data\ticker\ETH_USDT_SWAP\2026-07-11.parquet (total 26418)
22:57:58 INFO Appended 224 rows -> C:\xampp\htdocs\crypto\microstructure_bot\data\ticker\SOL_USDT_SWAP\2026-07-11.parquet (total 26137)
22:57:58 INFO Appended 102 rows -> C:\xampp\htdocs\crypto\microstructure_bot\data\trades\ETH_USDT_SWAP\2026-07-11.parquet (total 23831)
22:57:58 INFO Appended 44 rows -> C:\xampp\htdocs\crypto\microstructure_bot\data\trades\BTC_USDT_SWAP\2026-07-11.parquet (total 12768)
22:57:58 INFO Periodic flush: 1840 rows
22:58:32 INFO Appended 212 rows -> C:\xampp\htdocs\crypto\microstructure_bot\data\ticker\SOL_USDT_SWAP\2026-07-11.parquet (total 26349)
22:58:32 INFO Appended 218 rows -> C:\xampp\htdocs\crypto\microstructure_bot\data\ticker\BTC_USDT_SWAP\2026-07-11.parquet (total 26381)
22:58:32 INFO Appended 218 rows -> C:\xampp\htdocs\crypto\microstructure_bot\data\ticker\ETH_USDT_SWAP\2026-07-11.parquet (total 26636)
22:58:32 INFO Appended 337 rows -> C:\xampp\htdocs\crypto\microstructure_bot\data\orderbook\ETH_USDT_SWAP\2026-07-11.parquet (total 41389)
22:58:32 INFO Appended 324 rows -> C:\xampp\htdocs\crypto\microstructure_bot\data\orderbook\BTC_USDT_SWAP\2026-07-11.parquet (total 40410)
22:58:32 INFO Appended 304 rows -> C:\xampp\htdocs\crypto\microstructure_bot\data\orderbook\SOL_USDT_SWAP\2026-07-11.parquet (total 36668)
22:58:32 INFO Appended 112 rows -> C:\xampp\htdocs\crypto\microstructure_bot\data\trades\ETH_USDT_SWAP\2026-07-11.parquet (total 23943)
22:58:32 INFO Appended 12 rows -> C:\xampp\htdocs\crypto\microstructure_bot\data\trades\BTC_USDT_SWAP\2026-07-11.parquet (total 12780)
22:58:32 INFO Appended 65 rows -> C:\xampp\htdocs\crypto\microstructure_bot\data\trades\SOL_USDT_SWAP\2026-07-11.parquet (total 3452)
22:58:32 INFO Periodic flush: 1802 rows
22:59:08 INFO Appended 228 rows -> C:\xampp\htdocs\crypto\microstructure_bot\data\ticker\SOL_USDT_SWAP\2026-07-11.parquet (total 26577)
22:59:08 INFO Appended 223 rows -> C:\xampp\htdocs\crypto\microstructure_bot\data\ticker\BTC_USDT_SWAP\2026-07-11.parquet (total 26604)
22:59:08 INFO Appended 224 rows -> C:\xampp\htdocs\crypto\microstructure_bot\data\ticker\ETH_USDT_SWAP\2026-07-11.parquet (total 26860)
22:59:08 INFO Appended 352 rows -> C:\xampp\htdocs\crypto\microstructure_bot\data\orderbook\ETH_USDT_SWAP\2026-07-11.parquet (total 41741)
22:59:08 INFO Appended 350 rows -> C:\xampp\htdocs\crypto\microstructure_bot\data\orderbook\BTC_USDT_SWAP\2026-07-11.parquet (total 40760)
22:59:08 INFO Appended 306 rows -> C:\xampp\htdocs\crypto\microstructure_bot\data\orderbook\SOL_USDT_SWAP\2026-07-11.parquet (total 36974)
22:59:08 INFO Appended 58 rows -> C:\xampp\htdocs\crypto\microstructure_bot\data\trades\SOL_USDT_SWAP\2026-07-11.parquet (total 3510)
22:59:08 INFO Appended 62 rows -> C:\xampp\htdocs\crypto\microstructure_bot\data\trades\ETH_USDT_SWAP\2026-07-11.parquet (total 24005)
22:59:09 INFO Appended 17 rows -> C:\xampp\htdocs\crypto\microstructure_bot\data\trades\BTC_USDT_SWAP\2026-07-11.parquet (total 12797)
22:59:09 INFO Periodic flush: 1820 rows
22:59:42 INFO Appended 217 rows -> C:\xampp\htdocs\crypto\microstructure_bot\data\ticker\ETH_USDT_SWAP\2026-07-11.parquet (total 27077)
22:59:43 INFO Appended 220 rows -> C:\xampp\htdocs\crypto\microstructure_bot\data\ticker\SOL_USDT_SWAP\2026-07-11.parquet (total 26797)
22:59:43 INFO Appended 215 rows -> C:\xampp\htdocs\crypto\microstructure_bot\data\ticker\BTC_USDT_SWAP\2026-07-11.parquet (total 26819)
22:59:43 INFO Appended 329 rows -> C:\xampp\htdocs\crypto\microstructure_bot\data\orderbook\ETH_USDT_SWAP\2026-07-11.parquet (total 42070)
22:59:43 INFO Appended 332 rows -> C:\xampp\htdocs\crypto\microstructure_bot\data\orderbook\BTC_USDT_SWAP\2026-07-11.parquet (total 41092)
22:59:43 INFO Appended 285 rows -> C:\xampp\htdocs\crypto\microstructure_bot\data\orderbook\SOL_USDT_SWAP\2026-07-11.parquet (total 37259)
22:59:43 INFO Appended 34 rows -> C:\xampp\htdocs\crypto\microstructure_bot\data\trades\SOL_USDT_SWAP\2026-07-11.parquet (total 3544)
22:59:43 INFO Appended 53 rows -> C:\xampp\htdocs\crypto\microstructure_bot\data\trades\ETH_USDT_SWAP\2026-07-11.parquet (total 24058)
22:59:43 INFO Appended 41 rows -> C:\xampp\htdocs\crypto\microstructure_bot\data\trades\BTC_USDT_SWAP\2026-07-11.parquet (total 12838)
22:59:43 INFO Periodic flush: 1726 rows
23:00:19 INFO Appended 228 rows -> C:\xampp\htdocs\crypto\microstructure_bot\data\ticker\ETH_USDT_SWAP\2026-07-11.parquet (total 27305)
23:00:19 INFO Appended 233 rows -> C:\xampp\htdocs\crypto\microstructure_bot\data\ticker\BTC_USDT_SWAP\2026-07-11.parquet (total 27052)
23:00:20 INFO Appended 366 rows -> C:\xampp\htdocs\crypto\microstructure_bot\data\orderbook\ETH_USDT_SWAP\2026-07-11.parquet (total 42436)
23:00:20 INFO Appended 362 rows -> C:\xampp\htdocs\crypto\microstructure_bot\data\orderbook\BTC_USDT_SWAP\2026-07-11.parquet (total 41454)
23:00:20 INFO Appended 231 rows -> C:\xampp\htdocs\crypto\microstructure_bot\data\ticker\SOL_USDT_SWAP\2026-07-11.parquet (total 27028)
23:00:20 INFO Appended 320 rows -> C:\xampp\htdocs\crypto\microstructure_bot\data\orderbook\SOL_USDT_SWAP\2026-07-11.parquet (total 37579)
23:00:20 INFO Appended 249 rows -> C:\xampp\htdocs\crypto\microstructure_bot\data\trades\ETH_USDT_SWAP\2026-07-11.parquet (total 24307)
23:00:20 INFO Appended 49 rows -> C:\xampp\htdocs\crypto\microstructure_bot\data\trades\SOL_USDT_SWAP\2026-07-11.parquet (total 3593)
23:00:20 INFO Appended 229 rows -> C:\xampp\htdocs\crypto\microstructure_bot\data\trades\BTC_USDT_SWAP\2026-07-11.parquet (total 13067)
23:00:20 INFO Periodic flush: 2267 rows
23:00:22 INFO Appended 1 rows -> C:\xampp\htdocs\crypto\microstructure_bot\data\statistics\BTC_USDT_SWAP\2026-07-11.parquet (total 3)
23:00:23 INFO Appended 1 rows -> C:\xampp\htdocs\crypto\microstructure_bot\data\statistics\ETH_USDT_SWAP\2026-07-11.parquet (total 3)
23:00:24 INFO Appended 1 rows -> C:\xampp\htdocs\crypto\microstructure_bot\data\statistics\SOL_USDT_SWAP\2026-07-11.parquet (total 3)
23:00:25 INFO Hourly statistics: +3 rows
23:00:55 INFO Appended 218 rows -> C:\xampp\htdocs\crypto\microstructure_bot\data\ticker\BTC_USDT_SWAP\2026-07-11.parquet (total 27270)
23:00:55 INFO Appended 233 rows -> C:\xampp\htdocs\crypto\microstructure_bot\data\ticker\ETH_USDT_SWAP\2026-07-11.parquet (total 27538)
23:00:55 INFO Appended 227 rows -> C:\xampp\htdocs\crypto\microstructure_bot\data\ticker\SOL_USDT_SWAP\2026-07-11.parquet (total 27255)
23:00:55 INFO Appended 132 rows -> C:\xampp\htdocs\crypto\microstructure_bot\data\trades\ETH_USDT_SWAP\2026-07-11.parquet (total 24439)
23:00:55 INFO Appended 349 rows -> C:\xampp\htdocs\crypto\microstructure_bot\data\orderbook\ETH_USDT_SWAP\2026-07-11.parquet (total 42785)
23:00:55 INFO Appended 334 rows -> C:\xampp\htdocs\crypto\microstructure_bot\data\orderbook\BTC_USDT_SWAP\2026-07-11.parquet (total 41788)
23:00:55 INFO Appended 315 rows -> C:\xampp\htdocs\crypto\microstructure_bot\data\orderbook\SOL_USDT_SWAP\2026-07-11.parquet (total 37894)
23:00:55 INFO Appended 82 rows -> C:\xampp\htdocs\crypto\microstructure_bot\data\trades\BTC_USDT_SWAP\2026-07-11.parquet (total 13149)
23:00:55 INFO Appended 30 rows -> C:\xampp\htdocs\crypto\microstructure_bot\data\trades\SOL_USDT_SWAP\2026-07-11.parquet (total 3623)
23:00:55 INFO Periodic flush: 1920 rows
23:01:28 INFO Appended 212 rows -> C:\xampp\htdocs\crypto\microstructure_bot\data\ticker\BTC_USDT_SWAP\2026-07-11.parquet (total 27482)
23:01:28 INFO Appended 219 rows -> C:\xampp\htdocs\crypto\microstructure_bot\data\ticker\ETH_USDT_SWAP\2026-07-11.parquet (total 27757)
23:01:28 INFO Appended 332 rows -> C:\xampp\htdocs\crypto\microstructure_bot\data\orderbook\ETH_USDT_SWAP\2026-07-11.parquet (total 43117)
23:01:28 INFO Appended 319 rows -> C:\xampp\htdocs\crypto\microstructure_bot\data\orderbook\BTC_USDT_SWAP\2026-07-11.parquet (total 42107)
23:01:29 INFO Appended 293 rows -> C:\xampp\htdocs\crypto\microstructure_bot\data\orderbook\SOL_USDT_SWAP\2026-07-11.parquet (total 38187)
23:01:29 INFO Appended 210 rows -> C:\xampp\htdocs\crypto\microstructure_bot\data\ticker\SOL_USDT_SWAP\2026-07-11.parquet (total 27465)
23:01:29 INFO Appended 91 rows -> C:\xampp\htdocs\crypto\microstructure_bot\data\trades\ETH_USDT_SWAP\2026-07-11.parquet (total 24530)
23:01:29 INFO Appended 44 rows -> C:\xampp\htdocs\crypto\microstructure_bot\data\trades\BTC_USDT_SWAP\2026-07-11.parquet (total 13193)
23:01:29 INFO Appended 28 rows -> C:\xampp\htdocs\crypto\microstructure_bot\data\trades\SOL_USDT_SWAP\2026-07-11.parquet (total 3651)
23:01:29 INFO Periodic flush: 1748 rows
23:02:03 INFO Appended 347 rows -> C:\xampp\htdocs\crypto\microstructure_bot\data\orderbook\ETH_USDT_SWAP\2026-07-11.parquet (total 43464)
23:02:04 INFO Appended 339 rows -> C:\xampp\htdocs\crypto\microstructure_bot\data\orderbook\BTC_USDT_SWAP\2026-07-11.parquet (total 42446)
23:02:04 INFO Appended 311 rows -> C:\xampp\htdocs\crypto\microstructure_bot\data\orderbook\SOL_USDT_SWAP\2026-07-11.parquet (total 38498)
23:02:04 INFO Appended 227 rows -> C:\xampp\htdocs\crypto\microstructure_bot\data\ticker\BTC_USDT_SWAP\2026-07-11.parquet (total 27709)
23:02:04 INFO Appended 221 rows -> C:\xampp\htdocs\crypto\microstructure_bot\data\ticker\SOL_USDT_SWAP\2026-07-11.parquet (total 27686)
23:02:04 INFO Appended 221 rows -> C:\xampp\htdocs\crypto\microstructure_bot\data\ticker\ETH_USDT_SWAP\2026-07-11.parquet (total 27978)
23:02:04 INFO Appended 209 rows -> C:\xampp\htdocs\crypto\microstructure_bot\data\trades\ETH_USDT_SWAP\2026-07-11.parquet (total 24739)
23:02:04 INFO Appended 79 rows -> C:\xampp\htdocs\crypto\microstructure_bot\data\trades\BTC_USDT_SWAP\2026-07-11.parquet (total 13272)
23:02:04 INFO Appended 17 rows -> C:\xampp\htdocs\crypto\microstructure_bot\data\trades\SOL_USDT_SWAP\2026-07-11.parquet (total 3668)
23:02:04 INFO Periodic flush: 1971 rows
23:02:39 INFO Appended 350 rows -> C:\xampp\htdocs\crypto\microstructure_bot\data\orderbook\ETH_USDT_SWAP\2026-07-11.parquet (total 43814)
23:02:39 INFO Appended 347 rows -> C:\xampp\htdocs\crypto\microstructure_bot\data\orderbook\BTC_USDT_SWAP\2026-07-11.parquet (total 42793)
23:02:39 INFO Appended 312 rows -> C:\xampp\htdocs\crypto\microstructure_bot\data\orderbook\SOL_USDT_SWAP\2026-07-11.parquet (total 38810)
23:02:39 INFO Appended 229 rows -> C:\xampp\htdocs\crypto\microstructure_bot\data\ticker\BTC_USDT_SWAP\2026-07-11.parquet (total 27938)
23:02:39 INFO Appended 225 rows -> C:\xampp\htdocs\crypto\microstructure_bot\data\ticker\ETH_USDT_SWAP\2026-07-11.parquet (total 28203)
23:02:39 INFO Appended 222 rows -> C:\xampp\htdocs\crypto\microstructure_bot\data\ticker\SOL_USDT_SWAP\2026-07-11.parquet (total 27908)
23:02:39 INFO Appended 49 rows -> C:\xampp\htdocs\crypto\microstructure_bot\data\trades\SOL_USDT_SWAP\2026-07-11.parquet (total 3717)
23:02:39 INFO Appended 32 rows -> C:\xampp\htdocs\crypto\microstructure_bot\data\trades\BTC_USDT_SWAP\2026-07-11.parquet (total 13304)
23:02:40 INFO Appended 133 rows -> C:\xampp\htdocs\crypto\microstructure_bot\data\trades\ETH_USDT_SWAP\2026-07-11.parquet (total 24872)
23:02:40 INFO Periodic flush: 1899 rows
23:03:14 INFO Appended 223 rows -> C:\xampp\htdocs\crypto\microstructure_bot\data\ticker\ETH_USDT_SWAP\2026-07-11.parquet (total 28426)
23:03:14 INFO Appended 340 rows -> C:\xampp\htdocs\crypto\microstructure_bot\data\orderbook\ETH_USDT_SWAP\2026-07-11.parquet (total 44154)
23:03:14 INFO Appended 280 rows -> C:\xampp\htdocs\crypto\microstructure_bot\data\orderbook\SOL_USDT_SWAP\2026-07-11.parquet (total 39090)
23:03:14 INFO Appended 332 rows -> C:\xampp\htdocs\crypto\microstructure_bot\data\orderbook\BTC_USDT_SWAP\2026-07-11.parquet (total 43125)
23:03:14 INFO Appended 225 rows -> C:\xampp\htdocs\crypto\microstructure_bot\data\ticker\BTC_USDT_SWAP\2026-07-11.parquet (total 28163)
23:03:14 INFO Appended 222 rows -> C:\xampp\htdocs\crypto\microstructure_bot\data\ticker\SOL_USDT_SWAP\2026-07-11.parquet (total 28130)
23:03:14 INFO Appended 152 rows -> C:\xampp\htdocs\crypto\microstructure_bot\data\trades\ETH_USDT_SWAP\2026-07-11.parquet (total 25024)
23:03:14 INFO Appended 72 rows -> C:\xampp\htdocs\crypto\microstructure_bot\data\trades\BTC_USDT_SWAP\2026-07-11.parquet (total 13376)
23:03:14 INFO Appended 10 rows -> C:\xampp\htdocs\crypto\microstructure_bot\data\trades\SOL_USDT_SWAP\2026-07-11.parquet (total 3727)
23:03:14 INFO Periodic flush: 1856 rows
23:03:49 INFO Appended 342 rows -> C:\xampp\htdocs\crypto\microstructure_bot\data\orderbook\ETH_USDT_SWAP\2026-07-11.parquet (total 44496)
23:03:49 INFO Appended 346 rows -> C:\xampp\htdocs\crypto\microstructure_bot\data\orderbook\BTC_USDT_SWAP\2026-07-11.parquet (total 43471)
23:03:50 INFO Appended 294 rows -> C:\xampp\htdocs\crypto\microstructure_bot\data\orderbook\SOL_USDT_SWAP\2026-07-11.parquet (total 39384)
23:03:50 INFO Appended 219 rows -> C:\xampp\htdocs\crypto\microstructure_bot\data\ticker\ETH_USDT_SWAP\2026-07-11.parquet (total 28645)
23:03:50 INFO Appended 221 rows -> C:\xampp\htdocs\crypto\microstructure_bot\data\ticker\SOL_USDT_SWAP\2026-07-11.parquet (total 28351)
23:03:50 INFO Appended 220 rows -> C:\xampp\htdocs\crypto\microstructure_bot\data\ticker\BTC_USDT_SWAP\2026-07-11.parquet (total 28383)
23:03:50 INFO Appended 115 rows -> C:\xampp\htdocs\crypto\microstructure_bot\data\trades\ETH_USDT_SWAP\2026-07-11.parquet (total 25139)
23:03:50 INFO Appended 10 rows -> C:\xampp\htdocs\crypto\microstructure_bot\data\trades\SOL_USDT_SWAP\2026-07-11.parquet (total 3737)
23:03:50 INFO Appended 68 rows -> C:\xampp\htdocs\crypto\microstructure_bot\data\trades\BTC_USDT_SWAP\2026-07-11.parquet (total 13444)
23:03:50 INFO Periodic flush: 1835 rows
23:04:25 INFO Appended 351 rows -> C:\xampp\htdocs\crypto\microstructure_bot\data\orderbook\ETH_USDT_SWAP\2026-07-11.parquet (total 44847)
23:04:25 INFO Appended 346 rows -> C:\xampp\htdocs\crypto\microstructure_bot\data\orderbook\BTC_USDT_SWAP\2026-07-11.parquet (total 43817)
23:04:25 INFO Appended 320 rows -> C:\xampp\htdocs\crypto\microstructure_bot\data\orderbook\SOL_USDT_SWAP\2026-07-11.parquet (total 39704)
23:04:25 INFO Appended 230 rows -> C:\xampp\htdocs\crypto\microstructure_bot\data\ticker\ETH_USDT_SWAP\2026-07-11.parquet (total 28875)
23:04:25 INFO Appended 227 rows -> C:\xampp\htdocs\crypto\microstructure_bot\data\ticker\SOL_USDT_SWAP\2026-07-11.parquet (total 28578)
23:04:25 INFO Appended 223 rows -> C:\xampp\htdocs\crypto\microstructure_bot\data\ticker\BTC_USDT_SWAP\2026-07-11.parquet (total 28606)
23:04:25 INFO Appended 240 rows -> C:\xampp\htdocs\crypto\microstructure_bot\data\trades\BTC_USDT_SWAP\2026-07-11.parquet (total 13684)
23:04:25 INFO Appended 291 rows -> C:\xampp\htdocs\crypto\microstructure_bot\data\trades\ETH_USDT_SWAP\2026-07-11.parquet (total 25430)
23:04:25 INFO Appended 59 rows -> C:\xampp\htdocs\crypto\microstructure_bot\data\trades\SOL_USDT_SWAP\2026-07-11.parquet (total 3796)
23:04:25 INFO Periodic flush: 2287 rows
23:04:59 INFO Appended 86 rows -> C:\xampp\htdocs\crypto\microstructure_bot\data\trades\ETH_USDT_SWAP\2026-07-11.parquet (total 25516)
23:05:00 INFO Appended 349 rows -> C:\xampp\htdocs\crypto\microstructure_bot\data\orderbook\ETH_USDT_SWAP\2026-07-11.parquet (total 45196)
23:05:00 INFO Appended 285 rows -> C:\xampp\htdocs\crypto\microstructure_bot\data\orderbook\SOL_USDT_SWAP\2026-07-11.parquet (total 39989)
23:05:00 INFO Appended 344 rows -> C:\xampp\htdocs\crypto\microstructure_bot\data\orderbook\BTC_USDT_SWAP\2026-07-11.parquet (total 44161)
23:05:00 INFO Appended 225 rows -> C:\xampp\htdocs\crypto\microstructure_bot\data\ticker\ETH_USDT_SWAP\2026-07-11.parquet (total 29100)
23:05:00 INFO Appended 218 rows -> C:\xampp\htdocs\crypto\microstructure_bot\data\ticker\BTC_USDT_SWAP\2026-07-11.parquet (total 28824)
23:05:00 INFO Appended 224 rows -> C:\xampp\htdocs\crypto\microstructure_bot\data\ticker\SOL_USDT_SWAP\2026-07-11.parquet (total 28802)
23:05:00 INFO Appended 65 rows -> C:\xampp\htdocs\crypto\microstructure_bot\data\trades\BTC_USDT_SWAP\2026-07-11.parquet (total 13749)
23:05:00 INFO Appended 40 rows -> C:\xampp\htdocs\crypto\microstructure_bot\data\trades\SOL_USDT_SWAP\2026-07-11.parquet (total 3836)
23:05:00 INFO Periodic flush: 1836 rows
23:05:35 INFO Appended 356 rows -> C:\xampp\htdocs\crypto\microstructure_bot\data\orderbook\ETH_USDT_SWAP\2026-07-11.parquet (total 45552)
23:05:36 INFO Appended 320 rows -> C:\xampp\htdocs\crypto\microstructure_bot\data\orderbook\SOL_USDT_SWAP\2026-07-11.parquet (total 40309)
23:05:36 INFO Appended 348 rows -> C:\xampp\htdocs\crypto\microstructure_bot\data\orderbook\BTC_USDT_SWAP\2026-07-11.parquet (total 44509)
23:05:36 INFO Appended 223 rows -> C:\xampp\htdocs\crypto\microstructure_bot\data\ticker\BTC_USDT_SWAP\2026-07-11.parquet (total 29047)
23:05:36 INFO Appended 220 rows -> C:\xampp\htdocs\crypto\microstructure_bot\data\ticker\ETH_USDT_SWAP\2026-07-11.parquet (total 29320)
23:05:36 INFO Appended 223 rows -> C:\xampp\htdocs\crypto\microstructure_bot\data\ticker\SOL_USDT_SWAP\2026-07-11.parquet (total 29025)
23:05:36 INFO Appended 52 rows -> C:\xampp\htdocs\crypto\microstructure_bot\data\trades\SOL_USDT_SWAP\2026-07-11.parquet (total 3888)
23:05:36 INFO Appended 189 rows -> C:\xampp\htdocs\crypto\microstructure_bot\data\trades\ETH_USDT_SWAP\2026-07-11.parquet (total 25705)
23:05:36 INFO Appended 216 rows -> C:\xampp\htdocs\crypto\microstructure_bot\data\trades\BTC_USDT_SWAP\2026-07-11.parquet (total 13965)
23:05:36 INFO Periodic flush: 2147 rows
23:06:11 INFO Appended 351 rows -> C:\xampp\htdocs\crypto\microstructure_bot\data\orderbook\ETH_USDT_SWAP\2026-07-11.parquet (total 45903)
23:06:11 INFO Appended 346 rows -> C:\xampp\htdocs\crypto\microstructure_bot\data\orderbook\BTC_USDT_SWAP\2026-07-11.parquet (total 44855)
23:06:11 INFO Appended 320 rows -> C:\xampp\htdocs\crypto\microstructure_bot\data\orderbook\SOL_USDT_SWAP\2026-07-11.parquet (total 40629)
23:06:11 INFO Appended 224 rows -> C:\xampp\htdocs\crypto\microstructure_bot\data\ticker\BTC_USDT_SWAP\2026-07-11.parquet (total 29271)
23:06:11 INFO Appended 224 rows -> C:\xampp\htdocs\crypto\microstructure_bot\data\ticker\SOL_USDT_SWAP\2026-07-11.parquet (total 29249)
23:06:11 INFO Appended 219 rows -> C:\xampp\htdocs\crypto\microstructure_bot\data\ticker\ETH_USDT_SWAP\2026-07-11.parquet (total 29539)
23:06:11 INFO Appended 63 rows -> C:\xampp\htdocs\crypto\microstructure_bot\data\trades\SOL_USDT_SWAP\2026-07-11.parquet (total 3951)
23:06:11 INFO Appended 98 rows -> C:\xampp\htdocs\crypto\microstructure_bot\data\trades\ETH_USDT_SWAP\2026-07-11.parquet (total 25803)
23:06:11 INFO Appended 111 rows -> C:\xampp\htdocs\crypto\microstructure_bot\data\trades\BTC_USDT_SWAP\2026-07-11.parquet (total 14076)
23:06:11 INFO Periodic flush: 1956 rows
23:06:45 INFO Appended 345 rows -> C:\xampp\htdocs\crypto\microstructure_bot\data\orderbook\ETH_USDT_SWAP\2026-07-11.parquet (total 46248)
23:06:45 INFO Appended 325 rows -> C:\xampp\htdocs\crypto\microstructure_bot\data\orderbook\BTC_USDT_SWAP\2026-07-11.parquet (total 45180)
23:06:46 INFO Appended 301 rows -> C:\xampp\htdocs\crypto\microstructure_bot\data\orderbook\SOL_USDT_SWAP\2026-07-11.parquet (total 40930)
23:06:46 INFO Appended 221 rows -> C:\xampp\htdocs\crypto\microstructure_bot\data\ticker\BTC_USDT_SWAP\2026-07-11.parquet (total 29492)
23:06:46 INFO Appended 228 rows -> C:\xampp\htdocs\crypto\microstructure_bot\data\ticker\SOL_USDT_SWAP\2026-07-11.parquet (total 29477)
23:06:46 INFO Appended 212 rows -> C:\xampp\htdocs\crypto\microstructure_bot\data\ticker\ETH_USDT_SWAP\2026-07-11.parquet (total 29751)
23:06:46 INFO Appended 149 rows -> C:\xampp\htdocs\crypto\microstructure_bot\data\trades\ETH_USDT_SWAP\2026-07-11.parquet (total 25952)
23:06:46 INFO Appended 76 rows -> C:\xampp\htdocs\crypto\microstructure_bot\data\trades\SOL_USDT_SWAP\2026-07-11.parquet (total 4027)
23:06:46 INFO Appended 43 rows -> C:\xampp\htdocs\crypto\microstructure_bot\data\trades\BTC_USDT_SWAP\2026-07-11.parquet (total 14119)
23:06:46 INFO Periodic flush: 1900 rows
23:07:19 INFO Appended 217 rows -> C:\xampp\htdocs\crypto\microstructure_bot\data\ticker\ETH_USDT_SWAP\2026-07-11.parquet (total 29968)
23:07:19 INFO Appended 217 rows -> C:\xampp\htdocs\crypto\microstructure_bot\data\ticker\SOL_USDT_SWAP\2026-07-11.parquet (total 29694)
23:07:19 INFO Appended 110 rows -> C:\xampp\htdocs\crypto\microstructure_bot\data\trades\ETH_USDT_SWAP\2026-07-11.parquet (total 26062)
23:07:19 INFO Appended 334 rows -> C:\xampp\htdocs\crypto\microstructure_bot\data\orderbook\ETH_USDT_SWAP\2026-07-11.parquet (total 46582)
23:07:19 INFO Appended 305 rows -> C:\xampp\htdocs\crypto\microstructure_bot\data\orderbook\SOL_USDT_SWAP\2026-07-11.parquet (total 41235)
23:07:19 INFO Appended 206 rows -> C:\xampp\htdocs\crypto\microstructure_bot\data\ticker\BTC_USDT_SWAP\2026-07-11.parquet (total 29698)
23:07:19 INFO Appended 319 rows -> C:\xampp\htdocs\crypto\microstructure_bot\data\orderbook\BTC_USDT_SWAP\2026-07-11.parquet (total 45499)
23:07:19 INFO Appended 61 rows -> C:\xampp\htdocs\crypto\microstructure_bot\data\trades\SOL_USDT_SWAP\2026-07-11.parquet (total 4088)
23:07:19 INFO Appended 81 rows -> C:\xampp\htdocs\crypto\microstructure_bot\data\trades\BTC_USDT_SWAP\2026-07-11.parquet (total 14200)
23:07:19 INFO Periodic flush: 1850 rows
23:07:52 INFO Appended 214 rows -> C:\xampp\htdocs\crypto\microstructure_bot\data\ticker\SOL_USDT_SWAP\2026-07-11.parquet (total 29908)
23:07:52 INFO Appended 217 rows -> C:\xampp\htdocs\crypto\microstructure_bot\data\ticker\ETH_USDT_SWAP\2026-07-11.parquet (total 30185)
23:07:53 INFO Appended 333 rows -> C:\xampp\htdocs\crypto\microstructure_bot\data\orderbook\ETH_USDT_SWAP\2026-07-11.parquet (total 46915)
23:07:53 INFO Appended 277 rows -> C:\xampp\htdocs\crypto\microstructure_bot\data\orderbook\SOL_USDT_SWAP\2026-07-11.parquet (total 41512)
23:07:53 INFO Appended 314 rows -> C:\xampp\htdocs\crypto\microstructure_bot\data\orderbook\BTC_USDT_SWAP\2026-07-11.parquet (total 45813)
23:07:53 INFO Appended 212 rows -> C:\xampp\htdocs\crypto\microstructure_bot\data\ticker\BTC_USDT_SWAP\2026-07-11.parquet (total 29910)
23:07:53 INFO Appended 53 rows -> C:\xampp\htdocs\crypto\microstructure_bot\data\trades\SOL_USDT_SWAP\2026-07-11.parquet (total 4141)
23:07:53 INFO Appended 50 rows -> C:\xampp\htdocs\crypto\microstructure_bot\data\trades\BTC_USDT_SWAP\2026-07-11.parquet (total 14250)
23:07:53 INFO Appended 82 rows -> C:\xampp\htdocs\crypto\microstructure_bot\data\trades\ETH_USDT_SWAP\2026-07-11.parquet (total 26144)
23:07:53 INFO Periodic flush: 1752 rows
23:08:27 INFO Appended 346 rows -> C:\xampp\htdocs\crypto\microstructure_bot\data\orderbook\ETH_USDT_SWAP\2026-07-11.parquet (total 47261)
23:08:28 INFO Appended 335 rows -> C:\xampp\htdocs\crypto\microstructure_bot\data\orderbook\BTC_USDT_SWAP\2026-07-11.parquet (total 46148)
23:08:28 INFO Appended 294 rows -> C:\xampp\htdocs\crypto\microstructure_bot\data\orderbook\SOL_USDT_SWAP\2026-07-11.parquet (total 41806)
23:08:28 INFO Appended 190 rows -> C:\xampp\htdocs\crypto\microstructure_bot\data\trades\ETH_USDT_SWAP\2026-07-11.parquet (total 26334)
23:08:28 INFO Appended 217 rows -> C:\xampp\htdocs\crypto\microstructure_bot\data\ticker\BTC_USDT_SWAP\2026-07-11.parquet (total 30127)
23:08:28 INFO Appended 224 rows -> C:\xampp\htdocs\crypto\microstructure_bot\data\ticker\SOL_USDT_SWAP\2026-07-11.parquet (total 30132)
23:08:28 INFO Appended 219 rows -> C:\xampp\htdocs\crypto\microstructure_bot\data\ticker\ETH_USDT_SWAP\2026-07-11.parquet (total 30404)
23:08:28 INFO Appended 63 rows -> C:\xampp\htdocs\crypto\microstructure_bot\data\trades\BTC_USDT_SWAP\2026-07-11.parquet (total 14313)
23:08:28 INFO Appended 53 rows -> C:\xampp\htdocs\crypto\microstructure_bot\data\trades\SOL_USDT_SWAP\2026-07-11.parquet (total 4194)
23:08:28 INFO Periodic flush: 1941 rows
23:09:02 INFO Appended 339 rows -> C:\xampp\htdocs\crypto\microstructure_bot\data\orderbook\ETH_USDT_SWAP\2026-07-11.parquet (total 47600)
23:09:02 INFO Appended 331 rows -> C:\xampp\htdocs\crypto\microstructure_bot\data\orderbook\BTC_USDT_SWAP\2026-07-11.parquet (total 46479)
23:09:03 INFO Appended 305 rows -> C:\xampp\htdocs\crypto\microstructure_bot\data\orderbook\SOL_USDT_SWAP\2026-07-11.parquet (total 42111)
23:09:03 INFO Appended 220 rows -> C:\xampp\htdocs\crypto\microstructure_bot\data\ticker\SOL_USDT_SWAP\2026-07-11.parquet (total 30352)
23:09:03 INFO Appended 227 rows -> C:\xampp\htdocs\crypto\microstructure_bot\data\ticker\ETH_USDT_SWAP\2026-07-11.parquet (total 30631)
23:09:03 INFO Appended 215 rows -> C:\xampp\htdocs\crypto\microstructure_bot\data\ticker\BTC_USDT_SWAP\2026-07-11.parquet (total 30342)
23:09:03 INFO Appended 89 rows -> C:\xampp\htdocs\crypto\microstructure_bot\data\trades\SOL_USDT_SWAP\2026-07-11.parquet (total 4283)
23:09:03 INFO Appended 146 rows -> C:\xampp\htdocs\crypto\microstructure_bot\data\trades\ETH_USDT_SWAP\2026-07-11.parquet (total 26480)
23:09:03 INFO Appended 84 rows -> C:\xampp\htdocs\crypto\microstructure_bot\data\trades\BTC_USDT_SWAP\2026-07-11.parquet (total 14397)
23:09:03 INFO Periodic flush: 1956 rows
23:09:37 INFO Appended 343 rows -> C:\xampp\htdocs\crypto\microstructure_bot\data\orderbook\ETH_USDT_SWAP\2026-07-11.parquet (total 47943)
23:09:37 INFO Appended 330 rows -> C:\xampp\htdocs\crypto\microstructure_bot\data\orderbook\BTC_USDT_SWAP\2026-07-11.parquet (total 46809)
23:09:38 INFO Appended 310 rows -> C:\xampp\htdocs\crypto\microstructure_bot\data\orderbook\SOL_USDT_SWAP\2026-07-11.parquet (total 42421)
23:09:38 INFO Appended 50 rows -> C:\xampp\htdocs\crypto\microstructure_bot\data\trades\SOL_USDT_SWAP\2026-07-11.parquet (total 4333)
23:09:38 INFO Appended 222 rows -> C:\xampp\htdocs\crypto\microstructure_bot\data\ticker\BTC_USDT_SWAP\2026-07-11.parquet (total 30564)
23:09:38 INFO Appended 221 rows -> C:\xampp\htdocs\crypto\microstructure_bot\data\ticker\SOL_USDT_SWAP\2026-07-11.parquet (total 30573)
23:09:38 INFO Appended 223 rows -> C:\xampp\htdocs\crypto\microstructure_bot\data\ticker\ETH_USDT_SWAP\2026-07-11.parquet (total 30854)
23:09:38 INFO Appended 229 rows -> C:\xampp\htdocs\crypto\microstructure_bot\data\trades\ETH_USDT_SWAP\2026-07-11.parquet (total 26709)
23:09:38 INFO Appended 15 rows -> C:\xampp\htdocs\crypto\microstructure_bot\data\trades\BTC_USDT_SWAP\2026-07-11.parquet (total 14412)
23:09:38 INFO Periodic flush: 1943 rows
23:10:12 INFO Appended 208 rows -> C:\xampp\htdocs\crypto\microstructure_bot\data\ticker\ETH_USDT_SWAP\2026-07-11.parquet (total 31062)
23:10:12 INFO Appended 220 rows -> C:\xampp\htdocs\crypto\microstructure_bot\data\ticker\SOL_USDT_SWAP\2026-07-11.parquet (total 30793)
23:10:12 INFO Appended 217 rows -> C:\xampp\htdocs\crypto\microstructure_bot\data\ticker\BTC_USDT_SWAP\2026-07-11.parquet (total 30781)
23:10:12 INFO Appended 332 rows -> C:\xampp\htdocs\crypto\microstructure_bot\data\orderbook\ETH_USDT_SWAP\2026-07-11.parquet (total 48275)
23:10:12 INFO Appended 337 rows -> C:\xampp\htdocs\crypto\microstructure_bot\data\orderbook\BTC_USDT_SWAP\2026-07-11.parquet (total 47146)
23:10:12 INFO Appended 304 rows -> C:\xampp\htdocs\crypto\microstructure_bot\data\orderbook\SOL_USDT_SWAP\2026-07-11.parquet (total 42725)
23:10:12 INFO Appended 46 rows -> C:\xampp\htdocs\crypto\microstructure_bot\data\trades\SOL_USDT_SWAP\2026-07-11.parquet (total 4379)
23:10:12 INFO Appended 91 rows -> C:\xampp\htdocs\crypto\microstructure_bot\data\trades\ETH_USDT_SWAP\2026-07-11.parquet (total 26800)
23:10:12 INFO Appended 146 rows -> C:\xampp\htdocs\crypto\microstructure_bot\data\trades\BTC_USDT_SWAP\2026-07-11.parquet (total 14558)
23:10:12 INFO Periodic flush: 1901 rows
23:10:47 INFO Appended 228 rows -> C:\xampp\htdocs\crypto\microstructure_bot\data\ticker\ETH_USDT_SWAP\2026-07-11.parquet (total 31290)
23:10:47 INFO Appended 227 rows -> C:\xampp\htdocs\crypto\microstructure_bot\data\ticker\BTC_USDT_SWAP\2026-07-11.parquet (total 31008)
23:10:47 INFO Appended 216 rows -> C:\xampp\htdocs\crypto\microstructure_bot\data\ticker\SOL_USDT_SWAP\2026-07-11.parquet (total 31009)
23:10:47 INFO Appended 339 rows -> C:\xampp\htdocs\crypto\microstructure_bot\data\orderbook\ETH_USDT_SWAP\2026-07-11.parquet (total 48614)
23:10:47 INFO Appended 322 rows -> C:\xampp\htdocs\crypto\microstructure_bot\data\orderbook\BTC_USDT_SWAP\2026-07-11.parquet (total 47468)
23:10:47 INFO Appended 279 rows -> C:\xampp\htdocs\crypto\microstructure_bot\data\orderbook\SOL_USDT_SWAP\2026-07-11.parquet (total 43004)
23:10:47 INFO Appended 88 rows -> C:\xampp\htdocs\crypto\microstructure_bot\data\trades\BTC_USDT_SWAP\2026-07-11.parquet (total 14646)
23:10:47 INFO Appended 42 rows -> C:\xampp\htdocs\crypto\microstructure_bot\data\trades\SOL_USDT_SWAP\2026-07-11.parquet (total 4421)
23:10:47 INFO Appended 68 rows -> C:\xampp\htdocs\crypto\microstructure_bot\data\trades\ETH_USDT_SWAP\2026-07-11.parquet (total 26868)
23:10:47 INFO Periodic flush: 1809 rows
23:11:21 INFO Appended 216 rows -> C:\xampp\htdocs\crypto\microstructure_bot\data\ticker\SOL_USDT_SWAP\2026-07-11.parquet (total 31225)
23:11:21 INFO Appended 213 rows -> C:\xampp\htdocs\crypto\microstructure_bot\data\ticker\ETH_USDT_SWAP\2026-07-11.parquet (total 31503)
23:11:21 INFO Appended 214 rows -> C:\xampp\htdocs\crypto\microstructure_bot\data\ticker\BTC_USDT_SWAP\2026-07-11.parquet (total 31222)
23:11:21 INFO Appended 326 rows -> C:\xampp\htdocs\crypto\microstructure_bot\data\orderbook\ETH_USDT_SWAP\2026-07-11.parquet (total 48940)
23:11:22 INFO Appended 311 rows -> C:\xampp\htdocs\crypto\microstructure_bot\data\orderbook\BTC_USDT_SWAP\2026-07-11.parquet (total 47779)
23:11:22 INFO Appended 278 rows -> C:\xampp\htdocs\crypto\microstructure_bot\data\orderbook\SOL_USDT_SWAP\2026-07-11.parquet (total 43282)
23:11:22 INFO Appended 59 rows -> C:\xampp\htdocs\crypto\microstructure_bot\data\trades\SOL_USDT_SWAP\2026-07-11.parquet (total 4480)
23:11:22 INFO Appended 65 rows -> C:\xampp\htdocs\crypto\microstructure_bot\data\trades\ETH_USDT_SWAP\2026-07-11.parquet (total 26933)
23:11:22 INFO Appended 31 rows -> C:\xampp\htdocs\crypto\microstructure_bot\data\trades\BTC_USDT_SWAP\2026-07-11.parquet (total 14677)
23:11:22 INFO Periodic flush: 1713 rows
23:11:56 INFO Appended 316 rows -> C:\xampp\htdocs\crypto\microstructure_bot\data\orderbook\BTC_USDT_SWAP\2026-07-11.parquet (total 48095)
23:11:56 INFO Appended 335 rows -> C:\xampp\htdocs\crypto\microstructure_bot\data\orderbook\ETH_USDT_SWAP\2026-07-11.parquet (total 49275)
23:11:56 INFO Appended 267 rows -> C:\xampp\htdocs\crypto\microstructure_bot\data\orderbook\SOL_USDT_SWAP\2026-07-11.parquet (total 43549)
23:11:56 INFO Appended 223 rows -> C:\xampp\htdocs\crypto\microstructure_bot\data\ticker\ETH_USDT_SWAP\2026-07-11.parquet (total 31726)
23:11:56 INFO Appended 217 rows -> C:\xampp\htdocs\crypto\microstructure_bot\data\ticker\BTC_USDT_SWAP\2026-07-11.parquet (total 31439)
23:11:56 INFO Appended 212 rows -> C:\xampp\htdocs\crypto\microstructure_bot\data\ticker\SOL_USDT_SWAP\2026-07-11.parquet (total 31437)
23:11:56 INFO Appended 32 rows -> C:\xampp\htdocs\crypto\microstructure_bot\data\trades\SOL_USDT_SWAP\2026-07-11.parquet (total 4512)
23:11:56 INFO Appended 83 rows -> C:\xampp\htdocs\crypto\microstructure_bot\data\trades\BTC_USDT_SWAP\2026-07-11.parquet (total 14760)
23:11:56 INFO Appended 107 rows -> C:\xampp\htdocs\crypto\microstructure_bot\data\trades\ETH_USDT_SWAP\2026-07-11.parquet (total 27040)
23:11:56 INFO Periodic flush: 1792 rows
23:12:30 INFO Appended 329 rows -> C:\xampp\htdocs\crypto\microstructure_bot\data\orderbook\ETH_USDT_SWAP\2026-07-11.parquet (total 49604)
23:12:30 INFO Appended 102 rows -> C:\xampp\htdocs\crypto\microstructure_bot\data\trades\ETH_USDT_SWAP\2026-07-11.parquet (total 27142)
23:12:30 INFO Appended 216 rows -> C:\xampp\htdocs\crypto\microstructure_bot\data\ticker\SOL_USDT_SWAP\2026-07-11.parquet (total 31653)
23:12:30 INFO Appended 221 rows -> C:\xampp\htdocs\crypto\microstructure_bot\data\ticker\ETH_USDT_SWAP\2026-07-11.parquet (total 31947)
23:12:30 INFO Appended 218 rows -> C:\xampp\htdocs\crypto\microstructure_bot\data\ticker\BTC_USDT_SWAP\2026-07-11.parquet (total 31657)
23:12:30 INFO Appended 322 rows -> C:\xampp\htdocs\crypto\microstructure_bot\data\orderbook\BTC_USDT_SWAP\2026-07-11.parquet (total 48417)
23:12:31 INFO Appended 272 rows -> C:\xampp\htdocs\crypto\microstructure_bot\data\orderbook\SOL_USDT_SWAP\2026-07-11.parquet (total 43821)
23:12:31 INFO Appended 76 rows -> C:\xampp\htdocs\crypto\microstructure_bot\data\trades\BTC_USDT_SWAP\2026-07-11.parquet (total 14836)
23:12:31 INFO Appended 19 rows -> C:\xampp\htdocs\crypto\microstructure_bot\data\trades\SOL_USDT_SWAP\2026-07-11.parquet (total 4531)
23:12:31 INFO Periodic flush: 1775 rows
23:13:05 INFO Appended 329 rows -> C:\xampp\htdocs\crypto\microstructure_bot\data\orderbook\BTC_USDT_SWAP\2026-07-11.parquet (total 48746)
23:13:05 INFO Appended 341 rows -> C:\xampp\htdocs\crypto\microstructure_bot\data\orderbook\ETH_USDT_SWAP\2026-07-11.parquet (total 49945)
23:13:05 INFO Appended 272 rows -> C:\xampp\htdocs\crypto\microstructure_bot\data\orderbook\SOL_USDT_SWAP\2026-07-11.parquet (total 44093)
23:13:05 INFO Appended 73 rows -> C:\xampp\htdocs\crypto\microstructure_bot\data\trades\SOL_USDT_SWAP\2026-07-11.parquet (total 4604)
23:13:05 INFO Appended 224 rows -> C:\xampp\htdocs\crypto\microstructure_bot\data\ticker\BTC_USDT_SWAP\2026-07-11.parquet (total 31881)
23:13:05 INFO Appended 218 rows -> C:\xampp\htdocs\crypto\microstructure_bot\data\ticker\SOL_USDT_SWAP\2026-07-11.parquet (total 31871)
23:13:05 INFO Appended 69 rows -> C:\xampp\htdocs\crypto\microstructure_bot\data\trades\ETH_USDT_SWAP\2026-07-11.parquet (total 27211)
23:13:05 INFO Appended 220 rows -> C:\xampp\htdocs\crypto\microstructure_bot\data\ticker\ETH_USDT_SWAP\2026-07-11.parquet (total 32167)
23:13:05 INFO Appended 30 rows -> C:\xampp\htdocs\crypto\microstructure_bot\data\trades\BTC_USDT_SWAP\2026-07-11.parquet (total 14866)
23:13:05 INFO Periodic flush: 1776 rows
23:13:39 INFO Appended 338 rows -> C:\xampp\htdocs\crypto\microstructure_bot\data\orderbook\BTC_USDT_SWAP\2026-07-11.parquet (total 49084)
23:13:39 INFO Appended 340 rows -> C:\xampp\htdocs\crypto\microstructure_bot\data\orderbook\ETH_USDT_SWAP\2026-07-11.parquet (total 50285)
23:13:40 INFO Appended 266 rows -> C:\xampp\htdocs\crypto\microstructure_bot\data\orderbook\SOL_USDT_SWAP\2026-07-11.parquet (total 44359)
23:13:40 INFO Appended 222 rows -> C:\xampp\htdocs\crypto\microstructure_bot\data\ticker\ETH_USDT_SWAP\2026-07-11.parquet (total 32389)
23:13:40 INFO Appended 223 rows -> C:\xampp\htdocs\crypto\microstructure_bot\data\ticker\SOL_USDT_SWAP\2026-07-11.parquet (total 32094)
23:13:40 INFO Appended 298 rows -> C:\xampp\htdocs\crypto\microstructure_bot\data\trades\BTC_USDT_SWAP\2026-07-11.parquet (total 15164)
23:13:40 INFO Appended 219 rows -> C:\xampp\htdocs\crypto\microstructure_bot\data\ticker\BTC_USDT_SWAP\2026-07-11.parquet (total 32100)
23:13:40 INFO Appended 119 rows -> C:\xampp\htdocs\crypto\microstructure_bot\data\trades\ETH_USDT_SWAP\2026-07-11.parquet (total 27330)
23:13:40 INFO Appended 30 rows -> C:\xampp\htdocs\crypto\microstructure_bot\data\trades\SOL_USDT_SWAP\2026-07-11.parquet (total 4634)
23:13:40 INFO Periodic flush: 2055 rows
23:14:14 INFO Appended 221 rows -> C:\xampp\htdocs\crypto\microstructure_bot\data\ticker\ETH_USDT_SWAP\2026-07-11.parquet (total 32610)
23:14:14 INFO Appended 217 rows -> C:\xampp\htdocs\crypto\microstructure_bot\data\ticker\SOL_USDT_SWAP\2026-07-11.parquet (total 32311)
23:14:14 INFO Appended 334 rows -> C:\xampp\htdocs\crypto\microstructure_bot\data\orderbook\BTC_USDT_SWAP\2026-07-11.parquet (total 49418)
23:14:14 INFO Appended 344 rows -> C:\xampp\htdocs\crypto\microstructure_bot\data\orderbook\ETH_USDT_SWAP\2026-07-11.parquet (total 50629)
23:14:14 INFO Appended 312 rows -> C:\xampp\htdocs\crypto\microstructure_bot\data\orderbook\SOL_USDT_SWAP\2026-07-11.parquet (total 44671)
23:14:14 INFO Appended 216 rows -> C:\xampp\htdocs\crypto\microstructure_bot\data\ticker\BTC_USDT_SWAP\2026-07-11.parquet (total 32316)
23:14:14 INFO Appended 168 rows -> C:\xampp\htdocs\crypto\microstructure_bot\data\trades\BTC_USDT_SWAP\2026-07-11.parquet (total 15332)
23:14:14 INFO Appended 135 rows -> C:\xampp\htdocs\crypto\microstructure_bot\data\trades\ETH_USDT_SWAP\2026-07-11.parquet (total 27465)
23:14:14 INFO Appended 26 rows -> C:\xampp\htdocs\crypto\microstructure_bot\data\trades\SOL_USDT_SWAP\2026-07-11.parquet (total 4660)
23:14:14 INFO Periodic flush: 1973 rows
23:14:49 INFO Appended 348 rows -> C:\xampp\htdocs\crypto\microstructure_bot\data\orderbook\ETH_USDT_SWAP\2026-07-11.parquet (total 50977)
23:14:49 INFO Appended 312 rows -> C:\xampp\htdocs\crypto\microstructure_bot\data\orderbook\SOL_USDT_SWAP\2026-07-11.parquet (total 44983)
23:14:49 INFO Appended 221 rows -> C:\xampp\htdocs\crypto\microstructure_bot\data\ticker\BTC_USDT_SWAP\2026-07-11.parquet (total 32537)
23:14:49 INFO Appended 219 rows -> C:\xampp\htdocs\crypto\microstructure_bot\data\ticker\SOL_USDT_SWAP\2026-07-11.parquet (total 32530)
23:14:49 INFO Appended 222 rows -> C:\xampp\htdocs\crypto\microstructure_bot\data\ticker\ETH_USDT_SWAP\2026-07-11.parquet (total 32832)
23:14:49 INFO Appended 344 rows -> C:\xampp\htdocs\crypto\microstructure_bot\data\orderbook\BTC_USDT_SWAP\2026-07-11.parquet (total 49762)
23:14:49 INFO Appended 215 rows -> C:\xampp\htdocs\crypto\microstructure_bot\data\trades\ETH_USDT_SWAP\2026-07-11.parquet (total 27680)
23:14:49 INFO Appended 302 rows -> C:\xampp\htdocs\crypto\microstructure_bot\data\trades\BTC_USDT_SWAP\2026-07-11.parquet (total 15634)
23:14:49 INFO Appended 64 rows -> C:\xampp\htdocs\crypto\microstructure_bot\data\trades\SOL_USDT_SWAP\2026-07-11.parquet (total 4724)
23:14:49 INFO Periodic flush: 2247 rows
23:15:23 INFO Appended 218 rows -> C:\xampp\htdocs\crypto\microstructure_bot\data\ticker\ETH_USDT_SWAP\2026-07-11.parquet (total 33050)
23:15:24 INFO Appended 337 rows -> C:\xampp\htdocs\crypto\microstructure_bot\data\orderbook\BTC_USDT_SWAP\2026-07-11.parquet (total 50099)
23:15:24 INFO Appended 313 rows -> C:\xampp\htdocs\crypto\microstructure_bot\data\orderbook\SOL_USDT_SWAP\2026-07-11.parquet (total 45296)
23:15:24 INFO Appended 220 rows -> C:\xampp\htdocs\crypto\microstructure_bot\data\ticker\BTC_USDT_SWAP\2026-07-11.parquet (total 32757)
23:15:24 INFO Appended 219 rows -> C:\xampp\htdocs\crypto\microstructure_bot\data\ticker\SOL_USDT_SWAP\2026-07-11.parquet (total 32749)
23:15:24 INFO Appended 340 rows -> C:\xampp\htdocs\crypto\microstructure_bot\data\orderbook\ETH_USDT_SWAP\2026-07-11.parquet (total 51317)
23:15:24 INFO Appended 169 rows -> C:\xampp\htdocs\crypto\microstructure_bot\data\trades\BTC_USDT_SWAP\2026-07-11.parquet (total 15803)
23:15:24 INFO Appended 157 rows -> C:\xampp\htdocs\crypto\microstructure_bot\data\trades\ETH_USDT_SWAP\2026-07-11.parquet (total 27837)
23:15:24 INFO Appended 75 rows -> C:\xampp\htdocs\crypto\microstructure_bot\data\trades\SOL_USDT_SWAP\2026-07-11.parquet (total 4799)
23:15:24 INFO Periodic flush: 2048 rows
23:15:58 INFO Appended 326 rows -> C:\xampp\htdocs\crypto\microstructure_bot\data\orderbook\ETH_USDT_SWAP\2026-07-11.parquet (total 51643)
23:15:58 INFO Appended 222 rows -> C:\xampp\htdocs\crypto\microstructure_bot\data\ticker\ETH_USDT_SWAP\2026-07-11.parquet (total 33272)
23:15:58 INFO Appended 290 rows -> C:\xampp\htdocs\crypto\microstructure_bot\data\orderbook\SOL_USDT_SWAP\2026-07-11.parquet (total 45586)
23:15:58 INFO Appended 220 rows -> C:\xampp\htdocs\crypto\microstructure_bot\data\ticker\BTC_USDT_SWAP\2026-07-11.parquet (total 32977)
23:15:58 INFO Appended 220 rows -> C:\xampp\htdocs\crypto\microstructure_bot\data\ticker\SOL_USDT_SWAP\2026-07-11.parquet (total 32969)
23:15:59 INFO Appended 319 rows -> C:\xampp\htdocs\crypto\microstructure_bot\data\orderbook\BTC_USDT_SWAP\2026-07-11.parquet (total 50418)
23:15:59 INFO Appended 53 rows -> C:\xampp\htdocs\crypto\microstructure_bot\data\trades\ETH_USDT_SWAP\2026-07-11.parquet (total 27890)
23:15:59 INFO Appended 36 rows -> C:\xampp\htdocs\crypto\microstructure_bot\data\trades\BTC_USDT_SWAP\2026-07-11.parquet (total 15839)
23:15:59 INFO Appended 36 rows -> C:\xampp\htdocs\crypto\microstructure_bot\data\trades\SOL_USDT_SWAP\2026-07-11.parquet (total 4835)
23:15:59 INFO Periodic flush: 1722 rows
23:16:32 INFO Appended 332 rows -> C:\xampp\htdocs\crypto\microstructure_bot\data\orderbook\BTC_USDT_SWAP\2026-07-11.parquet (total 50750)
23:16:33 INFO Appended 339 rows -> C:\xampp\htdocs\crypto\microstructure_bot\data\orderbook\ETH_USDT_SWAP\2026-07-11.parquet (total 51982)
23:16:33 INFO Appended 312 rows -> C:\xampp\htdocs\crypto\microstructure_bot\data\orderbook\SOL_USDT_SWAP\2026-07-11.parquet (total 45898)
23:16:33 INFO Appended 117 rows -> C:\xampp\htdocs\crypto\microstructure_bot\data\trades\ETH_USDT_SWAP\2026-07-11.parquet (total 28007)
23:16:33 INFO Appended 216 rows -> C:\xampp\htdocs\crypto\microstructure_bot\data\ticker\ETH_USDT_SWAP\2026-07-11.parquet (total 33488)
23:16:33 INFO Appended 215 rows -> C:\xampp\htdocs\crypto\microstructure_bot\data\ticker\BTC_USDT_SWAP\2026-07-11.parquet (total 33192)
23:16:33 INFO Appended 223 rows -> C:\xampp\htdocs\crypto\microstructure_bot\data\ticker\SOL_USDT_SWAP\2026-07-11.parquet (total 33192)
23:16:33 INFO Appended 63 rows -> C:\xampp\htdocs\crypto\microstructure_bot\data\trades\SOL_USDT_SWAP\2026-07-11.parquet (total 4898)
23:16:33 INFO Appended 102 rows -> C:\xampp\htdocs\crypto\microstructure_bot\data\trades\BTC_USDT_SWAP\2026-07-11.parquet (total 15941)
23:16:33 INFO Periodic flush: 1919 rows
23:17:07 INFO Appended 337 rows -> C:\xampp\htdocs\crypto\microstructure_bot\data\orderbook\BTC_USDT_SWAP\2026-07-11.parquet (total 51087)
23:17:07 INFO Appended 311 rows -> C:\xampp\htdocs\crypto\microstructure_bot\data\orderbook\SOL_USDT_SWAP\2026-07-11.parquet (total 46209)
23:17:07 INFO Appended 45 rows -> C:\xampp\htdocs\crypto\microstructure_bot\data\trades\BTC_USDT_SWAP\2026-07-11.parquet (total 15986)
23:17:07 INFO Appended 222 rows -> C:\xampp\htdocs\crypto\microstructure_bot\data\ticker\ETH_USDT_SWAP\2026-07-11.parquet (total 33710)
23:17:07 INFO Appended 220 rows -> C:\xampp\htdocs\crypto\microstructure_bot\data\ticker\BTC_USDT_SWAP\2026-07-11.parquet (total 33412)
23:17:07 INFO Appended 337 rows -> C:\xampp\htdocs\crypto\microstructure_bot\data\orderbook\ETH_USDT_SWAP\2026-07-11.parquet (total 52319)
23:17:08 INFO Appended 219 rows -> C:\xampp\htdocs\crypto\microstructure_bot\data\ticker\SOL_USDT_SWAP\2026-07-11.parquet (total 33411)
23:17:08 INFO Appended 214 rows -> C:\xampp\htdocs\crypto\microstructure_bot\data\trades\ETH_USDT_SWAP\2026-07-11.parquet (total 28221)
23:17:08 INFO Appended 19 rows -> C:\xampp\htdocs\crypto\microstructure_bot\data\trades\SOL_USDT_SWAP\2026-07-11.parquet (total 4917)
23:17:08 INFO Periodic flush: 1924 rows
23:17:41 INFO Appended 329 rows -> C:\xampp\htdocs\crypto\microstructure_bot\data\orderbook\BTC_USDT_SWAP\2026-07-11.parquet (total 51416)
23:17:42 INFO Appended 340 rows -> C:\xampp\htdocs\crypto\microstructure_bot\data\orderbook\ETH_USDT_SWAP\2026-07-11.parquet (total 52659)
23:17:42 INFO Appended 169 rows -> C:\xampp\htdocs\crypto\microstructure_bot\data\trades\ETH_USDT_SWAP\2026-07-11.parquet (total 28390)
23:17:42 INFO Appended 299 rows -> C:\xampp\htdocs\crypto\microstructure_bot\data\orderbook\SOL_USDT_SWAP\2026-07-11.parquet (total 46508)
23:17:42 INFO Appended 50 rows -> C:\xampp\htdocs\crypto\microstructure_bot\data\trades\BTC_USDT_SWAP\2026-07-11.parquet (total 16036)
23:17:42 INFO Appended 214 rows -> C:\xampp\htdocs\crypto\microstructure_bot\data\ticker\BTC_USDT_SWAP\2026-07-11.parquet (total 33626)
23:17:42 INFO Appended 221 rows -> C:\xampp\htdocs\crypto\microstructure_bot\data\ticker\ETH_USDT_SWAP\2026-07-11.parquet (total 33931)
23:17:42 INFO Appended 212 rows -> C:\xampp\htdocs\crypto\microstructure_bot\data\ticker\SOL_USDT_SWAP\2026-07-11.parquet (total 33623)
23:17:42 INFO Appended 46 rows -> C:\xampp\htdocs\crypto\microstructure_bot\data\trades\SOL_USDT_SWAP\2026-07-11.parquet (total 4963)
23:17:42 INFO Periodic flush: 1880 rows
23:18:16 INFO Appended 226 rows -> C:\xampp\htdocs\crypto\microstructure_bot\data\ticker\SOL_USDT_SWAP\2026-07-11.parquet (total 33849)
23:18:16 INFO Appended 223 rows -> C:\xampp\htdocs\crypto\microstructure_bot\data\ticker\ETH_USDT_SWAP\2026-07-11.parquet (total 34154)
23:18:16 INFO Appended 337 rows -> C:\xampp\htdocs\crypto\microstructure_bot\data\orderbook\BTC_USDT_SWAP\2026-07-11.parquet (total 51753)
23:18:16 INFO Appended 333 rows -> C:\xampp\htdocs\crypto\microstructure_bot\data\orderbook\ETH_USDT_SWAP\2026-07-11.parquet (total 52992)
23:18:16 INFO Appended 209 rows -> C:\xampp\htdocs\crypto\microstructure_bot\data\ticker\BTC_USDT_SWAP\2026-07-11.parquet (total 33835)
23:18:16 INFO Appended 99 rows -> C:\xampp\htdocs\crypto\microstructure_bot\data\trades\ETH_USDT_SWAP\2026-07-11.parquet (total 28489)
23:18:16 INFO Appended 251 rows -> C:\xampp\htdocs\crypto\microstructure_bot\data\orderbook\SOL_USDT_SWAP\2026-07-11.parquet (total 46759)
23:18:16 INFO Appended 33 rows -> C:\xampp\htdocs\crypto\microstructure_bot\data\trades\BTC_USDT_SWAP\2026-07-11.parquet (total 16069)
23:18:16 INFO Appended 20 rows -> C:\xampp\htdocs\crypto\microstructure_bot\data\trades\SOL_USDT_SWAP\2026-07-11.parquet (total 4983)
23:18:16 INFO Periodic flush: 1731 rows
23:18:50 INFO Appended 326 rows -> C:\xampp\htdocs\crypto\microstructure_bot\data\orderbook\BTC_USDT_SWAP\2026-07-11.parquet (total 52079)
23:18:51 INFO Appended 338 rows -> C:\xampp\htdocs\crypto\microstructure_bot\data\orderbook\ETH_USDT_SWAP\2026-07-11.parquet (total 53330)
23:18:51 INFO Appended 220 rows -> C:\xampp\htdocs\crypto\microstructure_bot\data\ticker\SOL_USDT_SWAP\2026-07-11.parquet (total 34069)
23:18:51 INFO Appended 211 rows -> C:\xampp\htdocs\crypto\microstructure_bot\data\ticker\BTC_USDT_SWAP\2026-07-11.parquet (total 34046)
23:18:51 INFO Appended 251 rows -> C:\xampp\htdocs\crypto\microstructure_bot\data\orderbook\SOL_USDT_SWAP\2026-07-11.parquet (total 47010)
23:18:51 INFO Appended 219 rows -> C:\xampp\htdocs\crypto\microstructure_bot\data\ticker\ETH_USDT_SWAP\2026-07-11.parquet (total 34373)
23:18:51 INFO Appended 56 rows -> C:\xampp\htdocs\crypto\microstructure_bot\data\trades\ETH_USDT_SWAP\2026-07-11.parquet (total 28545)
23:18:51 INFO Appended 16 rows -> C:\xampp\htdocs\crypto\microstructure_bot\data\trades\SOL_USDT_SWAP\2026-07-11.parquet (total 4999)
23:18:51 INFO Appended 36 rows -> C:\xampp\htdocs\crypto\microstructure_bot\data\trades\BTC_USDT_SWAP\2026-07-11.parquet (total 16105)
23:18:51 INFO Periodic flush: 1673 rows
23:19:25 INFO Appended 31 rows -> C:\xampp\htdocs\crypto\microstructure_bot\data\trades\BTC_USDT_SWAP\2026-07-11.parquet (total 16136)
23:19:25 INFO Appended 328 rows -> C:\xampp\htdocs\crypto\microstructure_bot\data\orderbook\BTC_USDT_SWAP\2026-07-11.parquet (total 52407)
23:19:25 INFO Appended 336 rows -> C:\xampp\htdocs\crypto\microstructure_bot\data\orderbook\ETH_USDT_SWAP\2026-07-11.parquet (total 53666)
23:19:25 INFO Appended 294 rows -> C:\xampp\htdocs\crypto\microstructure_bot\data\orderbook\SOL_USDT_SWAP\2026-07-11.parquet (total 47304)
23:19:25 INFO Appended 215 rows -> C:\xampp\htdocs\crypto\microstructure_bot\data\ticker\BTC_USDT_SWAP\2026-07-11.parquet (total 34261)
23:19:25 INFO Appended 221 rows -> C:\xampp\htdocs\crypto\microstructure_bot\data\ticker\ETH_USDT_SWAP\2026-07-11.parquet (total 34594)
23:19:25 INFO Appended 215 rows -> C:\xampp\htdocs\crypto\microstructure_bot\data\ticker\SOL_USDT_SWAP\2026-07-11.parquet (total 34284)
23:19:25 INFO Appended 61 rows -> C:\xampp\htdocs\crypto\microstructure_bot\data\trades\ETH_USDT_SWAP\2026-07-11.parquet (total 28606)
23:19:25 INFO Appended 16 rows -> C:\xampp\htdocs\crypto\microstructure_bot\data\trades\SOL_USDT_SWAP\2026-07-11.parquet (total 5015)
23:19:25 INFO Periodic flush: 1717 rows
23:19:59 INFO Appended 334 rows -> C:\xampp\htdocs\crypto\microstructure_bot\data\orderbook\BTC_USDT_SWAP\2026-07-11.parquet (total 52741)
23:20:00 INFO Appended 336 rows -> C:\xampp\htdocs\crypto\microstructure_bot\data\orderbook\ETH_USDT_SWAP\2026-07-11.parquet (total 54002)
23:20:00 INFO Appended 308 rows -> C:\xampp\htdocs\crypto\microstructure_bot\data\orderbook\SOL_USDT_SWAP\2026-07-11.parquet (total 47612)
23:20:00 INFO Appended 220 rows -> C:\xampp\htdocs\crypto\microstructure_bot\data\ticker\SOL_USDT_SWAP\2026-07-11.parquet (total 34504)
23:20:00 INFO Appended 218 rows -> C:\xampp\htdocs\crypto\microstructure_bot\data\ticker\BTC_USDT_SWAP\2026-07-11.parquet (total 34479)
23:20:00 INFO Appended 230 rows -> C:\xampp\htdocs\crypto\microstructure_bot\data\ticker\ETH_USDT_SWAP\2026-07-11.parquet (total 34824)
23:20:00 INFO Appended 112 rows -> C:\xampp\htdocs\crypto\microstructure_bot\data\trades\ETH_USDT_SWAP\2026-07-11.parquet (total 28718)
23:20:00 INFO Appended 97 rows -> C:\xampp\htdocs\crypto\microstructure_bot\data\trades\BTC_USDT_SWAP\2026-07-11.parquet (total 16233)
23:20:00 INFO Appended 33 rows -> C:\xampp\htdocs\crypto\microstructure_bot\data\trades\SOL_USDT_SWAP\2026-07-11.parquet (total 5048)
23:20:00 INFO Periodic flush: 1888 rows
23:20:34 INFO Appended 316 rows -> C:\xampp\htdocs\crypto\microstructure_bot\data\orderbook\BTC_USDT_SWAP\2026-07-11.parquet (total 53057)
23:20:34 INFO Appended 340 rows -> C:\xampp\htdocs\crypto\microstructure_bot\data\orderbook\ETH_USDT_SWAP\2026-07-11.parquet (total 54342)
23:20:35 INFO Appended 304 rows -> C:\xampp\htdocs\crypto\microstructure_bot\data\orderbook\SOL_USDT_SWAP\2026-07-11.parquet (total 47916)
23:20:35 INFO Appended 80 rows -> C:\xampp\htdocs\crypto\microstructure_bot\data\trades\BTC_USDT_SWAP\2026-07-11.parquet (total 16313)
23:20:35 INFO Appended 213 rows -> C:\xampp\htdocs\crypto\microstructure_bot\data\ticker\BTC_USDT_SWAP\2026-07-11.parquet (total 34692)
23:20:35 INFO Appended 224 rows -> C:\xampp\htdocs\crypto\microstructure_bot\data\ticker\SOL_USDT_SWAP\2026-07-11.parquet (total 34728)
23:20:35 INFO Appended 224 rows -> C:\xampp\htdocs\crypto\microstructure_bot\data\ticker\ETH_USDT_SWAP\2026-07-11.parquet (total 35048)
23:20:35 INFO Appended 50 rows -> C:\xampp\htdocs\crypto\microstructure_bot\data\trades\SOL_USDT_SWAP\2026-07-11.parquet (total 5098)
23:20:35 INFO Appended 70 rows -> C:\xampp\htdocs\crypto\microstructure_bot\data\trades\ETH_USDT_SWAP\2026-07-11.parquet (total 28788)
23:20:35 INFO Periodic flush: 1821 rows
23:21:09 INFO Appended 322 rows -> C:\xampp\htdocs\crypto\microstructure_bot\data\orderbook\BTC_USDT_SWAP\2026-07-11.parquet (total 53379)
23:21:09 INFO Appended 340 rows -> C:\xampp\htdocs\crypto\microstructure_bot\data\orderbook\ETH_USDT_SWAP\2026-07-11.parquet (total 54682)
23:21:09 INFO Appended 309 rows -> C:\xampp\htdocs\crypto\microstructure_bot\data\orderbook\SOL_USDT_SWAP\2026-07-11.parquet (total 48225)
23:21:09 INFO Appended 53 rows -> C:\xampp\htdocs\crypto\microstructure_bot\data\trades\BTC_USDT_SWAP\2026-07-11.parquet (total 16366)
23:21:09 INFO Appended 218 rows -> C:\xampp\htdocs\crypto\microstructure_bot\data\ticker\SOL_USDT_SWAP\2026-07-11.parquet (total 34946)
23:21:09 INFO Appended 216 rows -> C:\xampp\htdocs\crypto\microstructure_bot\data\ticker\BTC_USDT_SWAP\2026-07-11.parquet (total 34908)
23:21:09 INFO Appended 88 rows -> C:\xampp\htdocs\crypto\microstructure_bot\data\trades\ETH_USDT_SWAP\2026-07-11.parquet (total 28876)
23:21:09 INFO Appended 217 rows -> C:\xampp\htdocs\crypto\microstructure_bot\data\ticker\ETH_USDT_SWAP\2026-07-11.parquet (total 35265)
23:21:09 INFO Appended 41 rows -> C:\xampp\htdocs\crypto\microstructure_bot\data\trades\SOL_USDT_SWAP\2026-07-11.parquet (total 5139)
23:21:09 INFO Periodic flush: 1804 rows
23:21:44 INFO Appended 335 rows -> C:\xampp\htdocs\crypto\microstructure_bot\data\orderbook\BTC_USDT_SWAP\2026-07-11.parquet (total 53714)
23:21:44 INFO Appended 343 rows -> C:\xampp\htdocs\crypto\microstructure_bot\data\orderbook\ETH_USDT_SWAP\2026-07-11.parquet (total 55025)
23:21:44 INFO Appended 212 rows -> C:\xampp\htdocs\crypto\microstructure_bot\data\trades\ETH_USDT_SWAP\2026-07-11.parquet (total 29088)
23:21:44 INFO Appended 267 rows -> C:\xampp\htdocs\crypto\microstructure_bot\data\trades\BTC_USDT_SWAP\2026-07-11.parquet (total 16633)
23:21:44 INFO Appended 221 rows -> C:\xampp\htdocs\crypto\microstructure_bot\data\ticker\BTC_USDT_SWAP\2026-07-11.parquet (total 35129)
23:21:44 INFO Appended 222 rows -> C:\xampp\htdocs\crypto\microstructure_bot\data\ticker\ETH_USDT_SWAP\2026-07-11.parquet (total 35487)
23:21:44 INFO Appended 222 rows -> C:\xampp\htdocs\crypto\microstructure_bot\data\ticker\SOL_USDT_SWAP\2026-07-11.parquet (total 35168)
23:21:44 INFO Appended 296 rows -> C:\xampp\htdocs\crypto\microstructure_bot\data\orderbook\SOL_USDT_SWAP\2026-07-11.parquet (total 48521)
23:21:44 INFO Appended 46 rows -> C:\xampp\htdocs\crypto\microstructure_bot\data\trades\SOL_USDT_SWAP\2026-07-11.parquet (total 5185)
23:21:44 INFO Periodic flush: 2164 rows
23:22:18 INFO Appended 220 rows -> C:\xampp\htdocs\crypto\microstructure_bot\data\ticker\SOL_USDT_SWAP\2026-07-11.parquet (total 35388)
23:22:18 INFO Appended 223 rows -> C:\xampp\htdocs\crypto\microstructure_bot\data\ticker\ETH_USDT_SWAP\2026-07-11.parquet (total 35710)
23:22:18 INFO Appended 215 rows -> C:\xampp\htdocs\crypto\microstructure_bot\data\ticker\BTC_USDT_SWAP\2026-07-11.parquet (total 35344)
23:22:18 INFO Appended 338 rows -> C:\xampp\htdocs\crypto\microstructure_bot\data\orderbook\BTC_USDT_SWAP\2026-07-11.parquet (total 54052)
23:22:19 INFO Appended 338 rows -> C:\xampp\htdocs\crypto\microstructure_bot\data\orderbook\ETH_USDT_SWAP\2026-07-11.parquet (total 55363)
23:22:19 INFO Appended 309 rows -> C:\xampp\htdocs\crypto\microstructure_bot\data\orderbook\SOL_USDT_SWAP\2026-07-11.parquet (total 48830)
23:22:19 INFO Appended 78 rows -> C:\xampp\htdocs\crypto\microstructure_bot\data\trades\ETH_USDT_SWAP\2026-07-11.parquet (total 29166)
23:22:19 INFO Appended 130 rows -> C:\xampp\htdocs\crypto\microstructure_bot\data\trades\BTC_USDT_SWAP\2026-07-11.parquet (total 16763)
23:22:19 INFO Appended 47 rows -> C:\xampp\htdocs\crypto\microstructure_bot\data\trades\SOL_USDT_SWAP\2026-07-11.parquet (total 5232)
23:22:19 INFO Periodic flush: 1898 rows
23:22:53 INFO Appended 299 rows -> C:\xampp\htdocs\crypto\microstructure_bot\data\orderbook\SOL_USDT_SWAP\2026-07-11.parquet (total 49129)
23:22:53 INFO Appended 219 rows -> C:\xampp\htdocs\crypto\microstructure_bot\data\ticker\BTC_USDT_SWAP\2026-07-11.parquet (total 35563)
23:22:53 INFO Appended 226 rows -> C:\xampp\htdocs\crypto\microstructure_bot\data\ticker\SOL_USDT_SWAP\2026-07-11.parquet (total 35614)
23:22:53 INFO Appended 342 rows -> C:\xampp\htdocs\crypto\microstructure_bot\data\orderbook\ETH_USDT_SWAP\2026-07-11.parquet (total 55705)
23:22:53 INFO Appended 42 rows -> C:\xampp\htdocs\crypto\microstructure_bot\data\trades\SOL_USDT_SWAP\2026-07-11.parquet (total 5274)
23:22:53 INFO Appended 219 rows -> C:\xampp\htdocs\crypto\microstructure_bot\data\ticker\ETH_USDT_SWAP\2026-07-11.parquet (total 35929)
23:22:54 INFO Appended 328 rows -> C:\xampp\htdocs\crypto\microstructure_bot\data\orderbook\BTC_USDT_SWAP\2026-07-11.parquet (total 54380)
23:22:54 INFO Appended 126 rows -> C:\xampp\htdocs\crypto\microstructure_bot\data\trades\ETH_USDT_SWAP\2026-07-11.parquet (total 29292)
23:22:54 INFO Appended 94 rows -> C:\xampp\htdocs\crypto\microstructure_bot\data\trades\BTC_USDT_SWAP\2026-07-11.parquet (total 16857)
23:22:54 INFO Periodic flush: 1895 rows
23:23:28 INFO Appended 106 rows -> C:\xampp\htdocs\crypto\microstructure_bot\data\trades\ETH_USDT_SWAP\2026-07-11.parquet (total 29398)
23:23:28 INFO Appended 220 rows -> C:\xampp\htdocs\crypto\microstructure_bot\data\ticker\ETH_USDT_SWAP\2026-07-11.parquet (total 36149)
23:23:28 INFO Appended 227 rows -> C:\xampp\htdocs\crypto\microstructure_bot\data\ticker\BTC_USDT_SWAP\2026-07-11.parquet (total 35790)
23:23:28 INFO Appended 325 rows -> C:\xampp\htdocs\crypto\microstructure_bot\data\orderbook\BTC_USDT_SWAP\2026-07-11.parquet (total 54705)
23:23:28 INFO Appended 342 rows -> C:\xampp\htdocs\crypto\microstructure_bot\data\orderbook\ETH_USDT_SWAP\2026-07-11.parquet (total 56047)
23:23:28 INFO Appended 292 rows -> C:\xampp\htdocs\crypto\microstructure_bot\data\orderbook\SOL_USDT_SWAP\2026-07-11.parquet (total 49421)
23:23:28 INFO Appended 213 rows -> C:\xampp\htdocs\crypto\microstructure_bot\data\ticker\SOL_USDT_SWAP\2026-07-11.parquet (total 35827)
23:23:28 INFO Appended 58 rows -> C:\xampp\htdocs\crypto\microstructure_bot\data\trades\SOL_USDT_SWAP\2026-07-11.parquet (total 5332)
23:23:28 INFO Appended 120 rows -> C:\xampp\htdocs\crypto\microstructure_bot\data\trades\BTC_USDT_SWAP\2026-07-11.parquet (total 16977)
23:23:28 INFO Periodic flush: 1903 rows
23:24:03 INFO Appended 346 rows -> C:\xampp\htdocs\crypto\microstructure_bot\data\orderbook\BTC_USDT_SWAP\2026-07-11.parquet (total 55051)
23:24:03 INFO Appended 347 rows -> C:\xampp\htdocs\crypto\microstructure_bot\data\orderbook\ETH_USDT_SWAP\2026-07-11.parquet (total 56394)
23:24:03 INFO Appended 304 rows -> C:\xampp\htdocs\crypto\microstructure_bot\data\orderbook\SOL_USDT_SWAP\2026-07-11.parquet (total 49725)
23:24:03 INFO Appended 222 rows -> C:\xampp\htdocs\crypto\microstructure_bot\data\ticker\BTC_USDT_SWAP\2026-07-11.parquet (total 36012)
23:24:03 INFO Appended 222 rows -> C:\xampp\htdocs\crypto\microstructure_bot\data\ticker\SOL_USDT_SWAP\2026-07-11.parquet (total 36049)
23:24:03 INFO Appended 213 rows -> C:\xampp\htdocs\crypto\microstructure_bot\data\ticker\ETH_USDT_SWAP\2026-07-11.parquet (total 36362)
23:24:03 INFO Appended 236 rows -> C:\xampp\htdocs\crypto\microstructure_bot\data\trades\ETH_USDT_SWAP\2026-07-11.parquet (total 29634)
23:24:03 INFO Appended 39 rows -> C:\xampp\htdocs\crypto\microstructure_bot\data\trades\SOL_USDT_SWAP\2026-07-11.parquet (total 5371)
23:24:03 INFO Appended 34 rows -> C:\xampp\htdocs\crypto\microstructure_bot\data\trades\BTC_USDT_SWAP\2026-07-11.parquet (total 17011)
23:24:03 INFO Periodic flush: 1963 rows
23:24:38 INFO Appended 98 rows -> C:\xampp\htdocs\crypto\microstructure_bot\data\trades\ETH_USDT_SWAP\2026-07-11.parquet (total 29732)
23:24:38 INFO Appended 323 rows -> C:\xampp\htdocs\crypto\microstructure_bot\data\orderbook\BTC_USDT_SWAP\2026-07-11.parquet (total 55374)
23:24:38 INFO Appended 335 rows -> C:\xampp\htdocs\crypto\microstructure_bot\data\orderbook\ETH_USDT_SWAP\2026-07-11.parquet (total 56729)
23:24:38 INFO Appended 300 rows -> C:\xampp\htdocs\crypto\microstructure_bot\data\orderbook\SOL_USDT_SWAP\2026-07-11.parquet (total 50025)
23:24:38 INFO Appended 217 rows -> C:\xampp\htdocs\crypto\microstructure_bot\data\ticker\SOL_USDT_SWAP\2026-07-11.parquet (total 36266)
23:24:38 INFO Appended 221 rows -> C:\xampp\htdocs\crypto\microstructure_bot\data\ticker\BTC_USDT_SWAP\2026-07-11.parquet (total 36233)
23:24:38 INFO Appended 220 rows -> C:\xampp\htdocs\crypto\microstructure_bot\data\ticker\ETH_USDT_SWAP\2026-07-11.parquet (total 36582)
23:24:38 INFO Appended 102 rows -> C:\xampp\htdocs\crypto\microstructure_bot\data\trades\BTC_USDT_SWAP\2026-07-11.parquet (total 17113)
23:24:38 INFO Appended 42 rows -> C:\xampp\htdocs\crypto\microstructure_bot\data\trades\SOL_USDT_SWAP\2026-07-11.parquet (total 5413)
23:24:38 INFO Periodic flush: 1858 rows
23:25:13 INFO Appended 214 rows -> C:\xampp\htdocs\crypto\microstructure_bot\data\ticker\BTC_USDT_SWAP\2026-07-11.parquet (total 36447)
23:25:13 INFO Appended 224 rows -> C:\xampp\htdocs\crypto\microstructure_bot\data\ticker\ETH_USDT_SWAP\2026-07-11.parquet (total 36806)
23:25:13 INFO Appended 224 rows -> C:\xampp\htdocs\crypto\microstructure_bot\data\ticker\SOL_USDT_SWAP\2026-07-11.parquet (total 36490)
23:25:13 INFO Appended 331 rows -> C:\xampp\htdocs\crypto\microstructure_bot\data\orderbook\BTC_USDT_SWAP\2026-07-11.parquet (total 55705)
23:25:13 INFO Appended 340 rows -> C:\xampp\htdocs\crypto\microstructure_bot\data\orderbook\ETH_USDT_SWAP\2026-07-11.parquet (total 57069)
23:25:13 INFO Appended 301 rows -> C:\xampp\htdocs\crypto\microstructure_bot\data\orderbook\SOL_USDT_SWAP\2026-07-11.parquet (total 50326)
23:25:13 INFO Appended 35 rows -> C:\xampp\htdocs\crypto\microstructure_bot\data\trades\SOL_USDT_SWAP\2026-07-11.parquet (total 5448)
23:25:13 INFO Appended 200 rows -> C:\xampp\htdocs\crypto\microstructure_bot\data\trades\ETH_USDT_SWAP\2026-07-11.parquet (total 29932)
23:25:13 INFO Appended 139 rows -> C:\xampp\htdocs\crypto\microstructure_bot\data\trades\BTC_USDT_SWAP\2026-07-11.parquet (total 17252)
23:25:13 INFO Periodic flush: 2008 rows
23:25:48 INFO Appended 283 rows -> C:\xampp\htdocs\crypto\microstructure_bot\data\orderbook\SOL_USDT_SWAP\2026-07-11.parquet (total 50609)
23:25:48 INFO Appended 223 rows -> C:\xampp\htdocs\crypto\microstructure_bot\data\ticker\ETH_USDT_SWAP\2026-07-11.parquet (total 37029)
23:25:48 INFO Appended 223 rows -> C:\xampp\htdocs\crypto\microstructure_bot\data\ticker\BTC_USDT_SWAP\2026-07-11.parquet (total 36670)
23:25:48 INFO Appended 214 rows -> C:\xampp\htdocs\crypto\microstructure_bot\data\ticker\SOL_USDT_SWAP\2026-07-11.parquet (total 36704)
23:25:48 INFO Appended 327 rows -> C:\xampp\htdocs\crypto\microstructure_bot\data\orderbook\BTC_USDT_SWAP\2026-07-11.parquet (total 56032)
23:25:48 INFO Appended 338 rows -> C:\xampp\htdocs\crypto\microstructure_bot\data\orderbook\ETH_USDT_SWAP\2026-07-11.parquet (total 57407)
23:25:48 INFO Appended 74 rows -> C:\xampp\htdocs\crypto\microstructure_bot\data\trades\BTC_USDT_SWAP\2026-07-11.parquet (total 17326)
23:25:48 INFO Appended 58 rows -> C:\xampp\htdocs\crypto\microstructure_bot\data\trades\ETH_USDT_SWAP\2026-07-11.parquet (total 29990)
23:25:48 INFO Appended 12 rows -> C:\xampp\htdocs\crypto\microstructure_bot\data\trades\SOL_USDT_SWAP\2026-07-11.parquet (total 5460)
23:25:48 INFO Periodic flush: 1752 rows
23:26:23 INFO Appended 333 rows -> C:\xampp\htdocs\crypto\microstructure_bot\data\orderbook\BTC_USDT_SWAP\2026-07-11.parquet (total 56365)
23:26:23 INFO Appended 350 rows -> C:\xampp\htdocs\crypto\microstructure_bot\data\orderbook\ETH_USDT_SWAP\2026-07-11.parquet (total 57757)
23:26:24 INFO Appended 287 rows -> C:\xampp\htdocs\crypto\microstructure_bot\data\orderbook\SOL_USDT_SWAP\2026-07-11.parquet (total 50896)
23:26:24 INFO Appended 224 rows -> C:\xampp\htdocs\crypto\microstructure_bot\data\ticker\BTC_USDT_SWAP\2026-07-11.parquet (total 36894)
23:26:24 INFO Appended 225 rows -> C:\xampp\htdocs\crypto\microstructure_bot\data\ticker\SOL_USDT_SWAP\2026-07-11.parquet (total 36929)
23:26:24 INFO Appended 219 rows -> C:\xampp\htdocs\crypto\microstructure_bot\data\ticker\ETH_USDT_SWAP\2026-07-11.parquet (total 37248)
23:26:24 INFO Appended 99 rows -> C:\xampp\htdocs\crypto\microstructure_bot\data\trades\ETH_USDT_SWAP\2026-07-11.parquet (total 30089)
23:26:24 INFO Appended 97 rows -> C:\xampp\htdocs\crypto\microstructure_bot\data\trades\BTC_USDT_SWAP\2026-07-11.parquet (total 17423)
23:26:24 INFO Appended 15 rows -> C:\xampp\htdocs\crypto\microstructure_bot\data\trades\SOL_USDT_SWAP\2026-07-11.parquet (total 5475)
23:26:24 INFO Periodic flush: 1849 rows
23:26:58 INFO Appended 20 rows -> C:\xampp\htdocs\crypto\microstructure_bot\data\trades\SOL_USDT_SWAP\2026-07-11.parquet (total 5495)
23:26:58 INFO Appended 224 rows -> C:\xampp\htdocs\crypto\microstructure_bot\data\ticker\BTC_USDT_SWAP\2026-07-11.parquet (total 37118)
23:26:58 INFO Appended 223 rows -> C:\xampp\htdocs\crypto\microstructure_bot\data\ticker\ETH_USDT_SWAP\2026-07-11.parquet (total 37471)
23:26:58 INFO Appended 217 rows -> C:\xampp\htdocs\crypto\microstructure_bot\data\ticker\SOL_USDT_SWAP\2026-07-11.parquet (total 37146)
23:26:58 INFO Appended 330 rows -> C:\xampp\htdocs\crypto\microstructure_bot\data\orderbook\BTC_USDT_SWAP\2026-07-11.parquet (total 56695)
23:26:58 INFO Appended 337 rows -> C:\xampp\htdocs\crypto\microstructure_bot\data\orderbook\ETH_USDT_SWAP\2026-07-11.parquet (total 58094)
23:26:59 INFO Appended 295 rows -> C:\xampp\htdocs\crypto\microstructure_bot\data\orderbook\SOL_USDT_SWAP\2026-07-11.parquet (total 51191)
23:26:59 INFO Appended 54 rows -> C:\xampp\htdocs\crypto\microstructure_bot\data\trades\ETH_USDT_SWAP\2026-07-11.parquet (total 30143)
23:26:59 INFO Appended 55 rows -> C:\xampp\htdocs\crypto\microstructure_bot\data\trades\BTC_USDT_SWAP\2026-07-11.parquet (total 17478)
23:26:59 INFO Periodic flush: 1755 rows
